Sku_id,current_stock_quantity,unit,average_lead_time_days,max_lead_time_days,unit_price,sku_id,annual_sales_quantity,annual_revenue,revenue_share%,cummulative_share,ABC?,avg_week_demand,std_deviation,CoV,CoV_rank,XYZ?,value_in_warehouse,ABC_rank,max_week_demand,safety_stock,reorder_point,do_we_need_to_reorder?,stock_status,inventory_turnover_ratio
3239AA,800.0,Kg,30,42,687.5,3239AA,1721.083033293,1183244.5853889375,0.2302899553784584,87.79230110106329,B[Medium Value],25.565557953603772,18.753784994153722,0.733556647900585,1.0,X[Uniform Demand],550000.0,81.0,77.18874098399999,353.56576895998387,463.13244590400006,No,In Stock,2.15135379161625
3178CA,4.0,Kg,30,47,26000.0,3178CA,226.036515808,5876949.411007999,1.1438061363937029,58.213541017816226,A[High Value],3.4380338578490566,2.556294000801843,0.7435336900379281,2.0,X[Uniform Demand],104000.0,25.0,9.75188566,50.74251575493262,65.47694657428572,Yes,Below Reorder Point,56.509128952
3249CA,86.0,Kg,60,87,320.0,3249CA,1684.805399898,539137.7279673599,0.1049301259009231,94.51436317020908,C[Low Value],26.397832108830187,19.7281934944115,0.7473414261094696,3.0,X[Uniform Demand],27520.0,125.0,68.682559506,627.358964356027,853.6260967174285,Yes,Below Reorder Point,19.59076046393023
3264CA,930.0,Kg,30,47,30.0,3264CA,1794.029523531,53820.88570593,0.010474934363273366,99.69730926250072,C[Low Value],27.44454249045283,20.547362513408334,0.7486866476479312,4.0,X[Uniform Demand],27900.0,225.0,69.962179038,352.1265914389165,469.7460592551429,No,In Stock,1.9290640037967741
3271CA,285.0,Kg,30,40,34.5,3271CA,283.723069598,9788.445901131,0.001905084373620821,99.99647091800712,C[Low Value],4.163155695415095,3.2556751907714103,0.7820210025670916,5.0,X[Uniform Demand],9832.5,284.0,10.971106502,44.84994131679244,62.6920371542857,No,In Stock,0.9955195424491227
3205AA,14.0,Kg,60,91,76300.0,3205AA,188.27552196,14365422.325547999,2.7958821930765354,20.85355198986531,A[High Value],2.80190477690566,2.200797758154759,0.7854648652925509,6.0,X[Uniform Demand],1068200.0,5.0,7.595727433,74.72812996980862,98.744456629,Yes,Below Reorder Point,13.448251568571427
1798AA,13.0,Kg,15,22,375.0,1798AA,597.718561639,224144.460614625,0.04362430090166311,98.61544708953981,C[Low Value],9.49429261726415,7.529143953844659,0.7930178958413266,7.0,X[Uniform Demand],4875.0,181.0,23.959461047,54.95625053929111,75.30116329057144,Yes,Below Reorder Point,45.97835089530769
1801AA,15.0,Kg,30,46,1250.0,1801AA,1334.794481018,1668493.1012725,0.32473184883834416,84.8703464587564,B[Medium Value],21.32538969373585,17.314988662039404,0.8119424268774574,8.0,X[Uniform Demand],18750.0,70.0,52.749448343,255.24470470941782,346.63923196828574,Yes,Below Reorder Point,88.98629873453332
1373BA,9.0,Kg,45,59,30.0,1373BA,841.493580242,25244.80740726,0.004913291506375005,99.92867273039211,C[Low Value],12.692336842830187,10.368979108187943,0.8169479928391049,9.0,X[Uniform Demand],270.0,266.0,37.744314906,236.53706021809163,318.13065420771426,Yes,Below Reorder Point,93.49928669355555
3180BA,250.0,Kg,30,46,30.0,3180BA,1748.651192124,52459.53576372,0.010209980505620213,99.70751924300635,C[Low Value],26.681878893584905,22.067691749726542,0.8270666334158444,10.0,X[Uniform Demand],7500.0,226.0,73.923239248,371.43037694292184,485.78128648685714,Yes,Below Reorder Point,6.994604768496
1857AA,8.0,Kg,60,89,30.0,1857AA,888.7353659080001,26662.060977240002,0.0051891256537870325,99.82285297931281,C[Low Value],13.172524562490565,10.90809630282322,0.8280945881767098,11.0,X[Uniform Demand],240.0,245.0,41.353951776,412.87860490208084,525.7859582948571,Yes,Below Reorder Point,111.09192073850001
2365AA,503.0,Kg,60,83,30.0,2365AA,839.117042073,25173.51126219,0.004899415435214765,99.93357214582733,C[Low Value],13.09192685926415,10.93211901652468,0.8350275046632162,12.0,X[Uniform Demand],15090.0,267.0,48.560333858999996,463.57029982016445,575.7868157567143,Yes,Below Reorder Point,1.6682247357316105
1767CA,14.0,Kg,15,21,30.0,1767CA,805.450195632,24163.50586896,0.004702842300791771,99.94797556147124,C[Low Value],12.058291265377358,10.185092990132633,0.844654749663977,13.0,X[Uniform Demand],420.0,270.0,45.931803378,111.95621456533422,137.79541013399998,Yes,Below Reorder Point,57.53215683085715
1317BA,4.0,Kg,90,120,30.0,1317BA,891.7468802,26752.406406,0.0052067092075296,99.81766385365903,C[Low Value],13.979681216867924,11.860889920738593,0.8484377960226452,14.0,X[Uniform Demand],120.0,244.0,40.097360383,507.644562348841,687.3833208514286,Yes,Below Reorder Point,222.93672005
3016BA,6.0,Kg,60,79,20005.8,3016BA,206.766129055,4136521.8246485186,0.8050739789417276,66.07035025825364,A[High Value],2.9691203332641507,2.520007238101586,0.848738668442978,15.0,X[Uniform Demand],120034.79999999999,34.0,11.441063697,103.67097315245016,129.12057600900002,Yes,Below Reorder Point,34.46102150916666
1315BA,6.0,Kg,90,131,30.0,1315BA,864.300831538,25929.02494614,0.005046457910382712,99.8740495973062,C[Low Value],13.14415320009434,11.256391745218185,0.8563801390520459,16.0,X[Uniform Demand],180.0,255.0,34.962486044,485.30169767935854,654.2979531091429,Yes,Below Reorder Point,144.0501385896667
1374CA,4.0,Kg,45,70,30.0,1374CA,929.940280296,27898.20840888,0.005429711869341105,99.78069162937037,C[Low Value],13.815235233245282,11.839154183348617,0.8569636335151659,17.0,X[Uniform Demand],120.0,237.0,45.369431983,364.882093330566,453.69431983,Yes,Below Reorder Point,232.485070074
1811CA,15.0,Kg,30,42,30.0,1811CA,939.659415623,28189.78246869,0.005486459711716474,99.77526191750103,C[Low Value],15.074364472698115,12.921063798336393,0.857154795596082,18.0,X[Uniform Demand],450.0,236.0,51.251576682,242.90504092329383,307.50946009200004,Yes,Below Reorder Point,62.64396104153333
1764AA,16.0,Kg,15,23,325.0,1764AA,775.392886109,252002.687985425,0.049046231428423716,98.47679507842437,C[Low Value],11.886721297037735,10.262486810923058,0.8633572332078275,19.0,X[Uniform Demand],5200.0,178.0,32.801119066,82.303559866062,107.77510550257144,Yes,Below Reorder Point,48.4620553818125
2336BA,7565.0,Kg,30,44,7.92068,2336BA,43645.663503821,345703.3340014449,0.06728279710251812,97.36281917658674,C[Low Value],616.0969337265094,534.7069570438414,0.867894202637279,20.0,X[Uniform Demand],59919.9442,159.0,2397.86974769,12431.908698080675,15072.324128337144,Yes,Below Reorder Point,5.769420159130338
1281BA,3.0,Kg,60,85,139500.0,1281BA,134.389717061,18747365.5300095,3.6487215109041995,14.631159507052732,A[High Value],1.903371592716981,1.6546883061910542,0.8693459083462824,21.0,X[Uniform Demand],418500.0,3.0,6.425608299,61.71062997885445,78.02524363071429,Yes,Below Reorder Point,44.79657235366667
2422BA,11006.0,Kg,30,45,49.9,2422BA,191584.60943624,9560072.010868374,1.8606369164783083,41.51347682322372,A[High Value],3172.10707903849,2783.670162790561,0.877546089533122,22.0,X[Uniform Demand],549199.4,14.0,11091.3579249,57706.84203562075,71301.58666007142,Yes,Below Reorder Point,17.407287791771758
1296CA,4.0,Kg,60,93,30.0,1296CA,902.513705895,27075.41117685,0.005269574278018492,99.80198726098553,C[Low Value],13.549719982132075,11.896546684452149,0.8779920692191459,23.0,X[Uniform Demand],120.0,241.0,50.587383662,555.9490688054393,672.0895257951428,Yes,Below Reorder Point,225.62842647375
1827AA,15.0,Kg,30,48,30.0,1827AA,876.600942221,26298.028266629997,0.005118275486612914,99.853745766009,C[Low Value],13.012366276075472,11.461521927055596,0.8808176532909885,24.0,X[Uniform Demand],450.0,251.0,44.23887229,247.58498309110513,303.35226713142856,Yes,Below Reorder Point,58.440062814733324
3007CA,5.0,Kg,30,47,18832.33,3007CA,337.683871442,6359374.10267332,1.2376984407312335,55.83922326411542,A[High Value],5.004095619830189,4.409192596493484,0.8811167754310631,25.0,X[Uniform Demand],94161.65000000001,23.0,18.555063583,103.13787425801347,124.58399834299999,Yes,Below Reorder Point,67.5367742884
3126BA,190.0,Kg,60,82,30.0,3126BA,861.708255329,25851.24765987,0.005031320441759782,99.87908091774796,C[Low Value],12.932861705886793,11.42024540286912,0.8830408661735586,26.0,X[Uniform Demand],5700.0,256.0,45.352940221,420.4241993955418,531.2772997317143,Yes,Below Reorder Point,4.535306606994737
1325AA,6.0,Kg,45,69,30.0,1325AA,885.755637377,26572.66912131,0.0051717276899446284,99.83320598139375,C[Low Value],12.90133186492453,11.393203467167167,0.883102890961391,27.0,X[Uniform Demand],180.0,247.0,42.392673938,334.9335096857709,417.87064310314287,Yes,Below Reorder Point,147.62593956283334
2096AA,172.0,Kg,120,163,30.0,2096AA,842.563850848,25276.91552544,0.004919540575413025,99.92375943888574,C[Low Value],13.178253343547171,11.661167227318725,0.8848795757162083,28.0,X[Uniform Demand],5160.0,265.0,43.131879311,778.4437037810485,1004.3566182418572,Yes,Below Reorder Point,4.898627039813953
2391CA,87174.0,Kg,45,67,0.75915,2391CA,2919069.6128774,2216011.6966158785,0.4312931079790798,80.431626317759,B[Medium Value],44227.32298817736,39207.90526673529,0.8865086697021243,29.0,X[Uniform Demand],66178.1421,58.0,138508.214408,1041402.9758382885,1325721.4807622859,Yes,Below Reorder Point,33.48555317958795
1902BA,6.0,Kg,60,79,30.0,1902BA,845.86043919,25375.813175699997,0.004938788612333408,99.91390181506965,C[Low Value],12.02297093564151,10.662070235003135,0.8868082849136688,30.0,X[Uniform Demand],180.0,263.0,45.957411624,415.60818030821565,518.6622168994286,Yes,Below Reorder Point,140.97673986499998
1571AA,86.0,Kg,60,93,320.0,1571AA,658.09463326,210590.28264320001,0.04098630781149813,98.74082382305308,C[Low Value],9.104526246849057,8.112553499532469,0.8910461982950628,31.0,X[Uniform Demand],27520.0,184.0,34.144098121,375.58993577743666,453.628732179,Yes,Below Reorder Point,7.652263177441861
3098AA,88.0,Kg,15,22,3862.32,3098AA,1035.940309799,4001132.977342874,0.7787238126365006,67.65378319393291,A[High Value],14.274544792169811,12.761199031764853,0.8939829057641759,32.0,X[Uniform Demand],339884.16000000003,36.0,63.4935035,168.9627007310647,199.55101100000002,Yes,Below Reorder Point,11.772048974988635
1766CA,11.0,Kg,15,24,30.0,1766CA,927.839796467,27835.19389401,0.005417447617303275,99.78610907698767,C[Low Value],13.713458375452829,12.270398230992605,0.8947705163094883,33.0,X[Uniform Demand],330.0,238.0,56.401581875,163.99086990974394,193.37685214285713,Yes,Below Reorder Point,84.34907240609091
1688CA,287.0,Kg,60,79,30.0,1688CA,968.055168448,29041.65505344,0.0056522561175928855,99.75851224686186,C[Low Value],15.214990961056605,13.630967386506024,0.8958906003555996,34.0,X[Uniform Demand],8610.0,233.0,62.103418573,570.4672299433719,700.8814381809999,Yes,Below Reorder Point,3.3730145242090592
2548CA,86.0,Kg,30,41,30.0,2548CA,873.943669661,26218.31008983,0.0051027602705664464,99.85884852627956,C[Low Value],12.965654048000001,11.626374010788389,0.896705555134089,35.0,X[Uniform Demand],2580.0,252.0,48.641886384,229.33538861485712,284.902477392,Yes,Below Reorder Point,10.162135693732559
1851CA,6.0,Kg,60,81,30.0,1851CA,873.42558063,26202.7674189,0.005099735265390736,99.86394826154495,C[Low Value],13.136536710207546,11.823275737392713,0.9000298935872205,36.0,X[Uniform Demand],180.0,253.0,41.199027408999996,364.1327167880781,476.73160287557135,Yes,Below Reorder Point,145.570930105
1582CA,23.0,Kg,45,63,550.0,1582CA,295.09360978,162301.485379,0.03158806073344646,99.14855511173265,C[Low Value],4.002528903075472,3.6027107236006124,0.9001086090427364,37.0,X[Uniform Demand],12650.0,196.0,17.749031357,134.01073926465767,159.741282213,Yes,Below Reorder Point,12.83015694695652
2143AA,196.0,Kg,120,192,30.0,2143AA,802.653537231,24079.60611693,0.004686513242210108,99.95266207471344,C[Low Value],12.281605306150944,11.060055350137404,0.9005382500444176,38.0,X[Uniform Demand],5880.0,271.0,47.696186966,1097.6964658191266,1308.2382710674285,Yes,Below Reorder Point,4.095171108321429
1830AA,26.0,Kg,30,44,30.0,1830AA,854.366136679,25630.98410037,0.004988451464445103,99.89407709231219,C[Low Value],12.122779811188678,10.999928148974575,0.907376717246174,39.0,X[Uniform Demand],780.0,259.0,34.605920446,165.56815789833422,217.52292851771426,Yes,Below Reorder Point,32.86023602611538
1283CA,0.0,Kg,60,92,98333.33,1283CA,126.103756464,12400202.298614146,2.4133996210876787,31.286199244645843,A[High Value],1.8349061372830189,1.665679349525614,0.9077735997940568,40.0,X[Uniform Demand],0.0,9.0,6.269621275,66.67296986614556,82.40073675714287,Yes,Out of Stock,inf
1326AA,8.0,Kg,90,126,30.0,1326AA,847.569216067,25427.076482009998,0.0049487657756929196,99.90896302645731,C[Low Value],12.484302744566039,11.339623275331029,0.9083105005817608,41.0,X[Uniform Demand],240.0,262.0,47.621562339,696.6756582432938,857.1881221020001,Yes,Below Reorder Point,105.946152008375
1434BA,27.0,Kg,30,48,30.0,1434BA,897.745638605,26932.36915815,0.005241734606905322,99.80722899559244,C[Low Value],14.416483910603773,13.177516022727534,0.9140589414479255,42.0,X[Uniform Demand],810.0,242.0,44.927635687,246.2902850939838,308.07521613942856,Yes,Below Reorder Point,33.24983846685185
1745BA,21.0,Kg,15,20,175.0,1745BA,523.553066245,91621.786592875,0.017831965940695433,99.49266755745128,C[Low Value],7.502387117283019,6.898421569300773,0.9194968829866283,43.0,X[Uniform Demand],3675.0,210.0,22.90155414,49.356468005822094,65.43301182857142,Yes,Below Reorder Point,24.931098392619045
3404CA,86.0,Kg,15,24,396.54,3404CA,2090.0,828768.6000000001,0.16129977374908666,90.51809637757454,C[Low Value],21.566037735849058,19.858644149591054,0.9208295187474417,44.0,X[Uniform Demand],34102.44,95.0,115.0,348.07277628032347,394.2857142857143,Yes,Below Reorder Point,24.30232558139535
1681CA,218.0,Kg,30,47,93.0,1681CA,4474.134597957,416094.51761000097,0.08098273939037809,96.02605861577334,C[Low Value],70.55822036626415,65.01389947856947,0.9214220418412711,45.0,X[Uniform Demand],20274.0,141.0,324.7401248,1878.005607801725,2180.3979808,Yes,Below Reorder Point,20.523553201637615
1479CA,303.0,Kg,60,81,385.5625,1479CA,1491.0,574873.6875,0.11188526656059741,94.19008246693764,C[Low Value],20.056603773584907,18.536258744521014,0.9241972845339733,46.0,X[Uniform Demand],116825.4375,122.0,68.0,614.9433962264152,786.8571428571429,Yes,Below Reorder Point,4.920792079207921
1712AA,17.0,Kg,15,21,30.0,1712AA,895.418823764,26862.56471292,0.005228148859059326,99.8124571444515,C[Low Value],13.865844645150943,12.817053054423402,0.924361507173361,47.0,X[Uniform Demand],510.0,243.0,49.329853762,118.27703704639083,147.989561286,Yes,Below Reorder Point,52.671695515529414
1390BA,11.0,Kg,30,47,30.0,1390BA,850.669436053,25520.08308159,0.004966867262005777,99.90401426068162,C[Low Value],13.351310661867924,12.358374063880811,0.9256300281572359,48.0,X[Uniform Demand],330.0,261.0,42.843947466,230.44660157799467,287.6665044145715,Yes,Below Reorder Point,77.33358509572727
3006CA,4.0,Kg,60,79,30.0,3006CA,838.863747067,25165.91241201,0.004897936502718061,99.93847008233004,C[Low Value],12.283296926075472,11.395833516433433,0.9277503902264141,49.0,X[Uniform Demand],120.0,268.0,39.724104731,343.02949402635306,448.3148962498571,Yes,Below Reorder Point,209.71593676675
2418CA,120860.0,Kg,60,85,5.8,2418CA,1721620.3189197,9985397.84973426,1.9434163093977648,39.65283990674541,A[High Value],26006.444988356605,24140.484253599865,0.928250065105317,50.0,X[Uniform Demand],700988.0,13.0,111770.0,1134294.7572426577,1357207.142857143,Yes,Below Reorder Point,14.244748625845606
1876AA,5.0,Kg,30,40,22919.0,1876AA,208.975211349,4789502.868907731,0.9321609543670192,59.14570197218325,A[High Value],2.8630643513018867,2.667254305317872,0.9316082274242364,51.0,X[Uniform Demand],114595.0,26.0,9.056097776,39.47885435727763,51.74913014857143,Yes,Below Reorder Point,41.7950422698
1308BA,8.0,Kg,45,63,30.0,1308BA,822.541887489,24676.25662467,0.004802636840408374,99.94327271917045,C[Low Value],11.917405800566039,11.141202237775246,0.9348680765109194,52.0,X[Uniform Demand],240.0,269.0,56.20208323,429.2068546377898,505.81874907,Yes,Below Reorder Point,102.817735936125
3053AA,273.0,Kg,15,23,40.87148,3053AA,4205.0,171864.5734,0.03344928464338935,98.92154351505337,C[Low Value],48.075471698113205,45.04922907929287,0.9370522532192003,53.0,X[Uniform Demand],11157.91404,189.0,221.0,623.1239892183288,726.1428571428571,Yes,Below Reorder Point,15.402930402930403
1698CA,15.0,Kg,15,24,30.0,1698CA,881.816853581,26454.50560743,0.0051487300183940396,99.83835471141214,C[Low Value],13.074797138471697,12.269087060020741,0.9383768581708845,54.0,X[Uniform Demand],450.0,248.0,52.04078422,150.40812345756063,178.42554589714285,Yes,Below Reorder Point,58.787790238733336
1488CA,100.0,Kg,15,22,30.0,1488CA,907.523975693,27225.71927079,0.005298828115030631,99.79671768670751,C[Low Value],14.619458739660375,13.72064767814126,0.9385195390934155,55.0,X[Uniform Demand],3000.0,240.0,48.468103379,121.00091332044207,152.3283249054286,Yes,Below Reorder Point,9.07523975693
3038BA,10.0,Kg,15,22,1300.0,3038BA,201.004496417,261305.84534210002,0.05085686611799066,98.42774884699595,C[Low Value],2.8657279817924524,2.689772938294532,0.9386002284180984,56.0,X[Uniform Demand],13000.0,177.0,10.841880496,27.933635883587606,34.074481558857144,Yes,Below Reorder Point,20.100449641700003
1321BA,9.0,Kg,90,137,30.0,1321BA,798.031194509,23940.93583527,0.004659524424031571,99.96198765403491,C[Low Value],12.712812100566039,11.939868789518549,0.9391996589792219,57.0,X[Uniform Demand],270.0,273.0,55.311008681000004,919.0650143208654,1082.5154556138573,Yes,Below Reorder Point,88.67013272322222
1295CA,5.0,Kg,120,158,175000.0,1295CA,133.674653871,23393064.427425,4.5528944984661095,10.982437996148533,A[High Value],1.9899729205471697,1.8903509790472828,0.9499380416330014,58.0,X[Uniform Demand],875000.0,2.0,6.49881085,112.57362340490567,146.6874449,Yes,Below Reorder Point,26.734930774200002
1826AA,15.0,Kg,60,82,30.0,1826AA,966.37004448,28991.101334400002,0.005642417058242269,99.7641546639201,C[Low Value],14.406143052792451,13.694369332479294,0.9505923467714567,59.0,X[Uniform Demand],450.0,234.0,52.091523346,486.73376160063606,610.2149877674285,Yes,Below Reorder Point,64.424669632
1819AA,15.0,Kg,30,40,30.0,1819AA,799.149660907,23974.48982721,0.00466605489744514,99.95732812961089,C[Low Value],11.810393730773585,11.293185200965427,0.956207342312348,60.0,Y[variable Demand],450.0,272.0,44.471633481,203.50764675954176,254.12361989142855,Yes,Below Reorder Point,53.276644060466666
1499CA,25.0,Kg,60,86,6600.0,1499CA,395.0,2607000.0,0.5073895296755558,76.22840307512429,B[Medium Value],4.622641509433962,4.4255656530868785,0.9573672637289982,61.0,Y[variable Demand],165000.0,49.0,16.0,156.9487870619946,196.57142857142856,Yes,Below Reorder Point,15.8
1244AA,2834.0,Kg,45,67,60.0,1244AA,550590.12580125,33035407.548074998,6.429543497682425,6.429543497682425,A[High Value],8278.177630456226,7930.069419053208,0.9579486902863386,62.0,Y[variable Demand],170040.0,1.0,26960.488509,204833.53381892425,258050.39001471427,Yes,Below Reorder Point,194.28021376190895
1624AA,17.0,Kg,15,21,722.101,1624AA,456.0,329278.056,0.06408601379605727,97.55546428857693,C[Low Value],5.30188679245283,5.086123299499022,0.9593043945674311,63.0,Y[variable Demand],12275.717,162.0,21.0,51.6388140161725,63.0,Yes,Below Reorder Point,26.823529411764703
1420CA,9.0,Kg,30,46,30.0,1420CA,909.399966831,27281.99900493,0.005309781604802615,99.79141885859248,C[Low Value],13.682029101735848,13.238566099767437,0.967587921450032,64.0,Y[variable Demand],270.0,239.0,52.859442121,288.72478064484636,347.3620482237143,Yes,Below Reorder Point,101.044440759
2449CA,66031.0,Kg,45,68,30.0,2449CA,857.654283293,25729.62849879,0.0050076502120168145,99.88408856795998,C[Low Value],12.626913238962265,12.23811456362265,0.969208731541774,65.0,Y[variable Demand],1980930.0,257.0,49.717025793000005,401.7923797386712,482.9653934177143,No,In Stock,0.012988661133301025
2267CA,107.0,Kg,60,91,1896.44,2267CA,1071.407730984,2031860.477347297,0.39545252472865183,81.67264135475413,B[Medium Value],13.60372988783019,13.27701273090403,0.9759832663820797,66.0,Y[variable Demand],202919.08000000002,61.0,55.588421393000004,606.0460790704557,722.6494781090001,Yes,Below Reorder Point,10.013156364336448
1695CA,30.0,Kg,15,22,1649.3,1695CA,251.0,413974.3,0.08057009028567988,96.18723226299124,C[Low Value],3.150943396226415,3.0909061803887163,0.9809462728179759,67.0,Y[variable Demand],49479.0,143.0,16.0,43.53369272237197,50.285714285714285,Yes,Below Reorder Point,8.366666666666667
1367CA,5.0,Kg,90,121,22000.0,1367CA,138.880147104,3055363.236288,0.5946525951086123,75.15931658334188,B[Medium Value],2.097127136509434,2.0771017346572678,0.9904510310779262,68.0,Y[variable Demand],110000.0,47.0,10.940691114,162.1545975011644,189.11766068485713,Yes,Below Reorder Point,27.7760294208
2528CA,3996.0,Kg,30,43,21.0,2528CA,176132.80789843,3698788.96586703,0.7198798595168423,70.62789993171754,B[Medium Value],2640.5623761262264,2624.990692827573,0.9941028913236667,69.0,Y[variable Demand],83916.0,40.0,11082.9771588,56764.44950637331,68081.14540405714,Yes,Below Reorder Point,44.07727925386136
1403CA,10.0,Kg,30,42,2550.0,1403CA,291.515030291,743363.3272420501,0.14467770195143845,92.05826819707023,C[Low Value],4.163267859226415,4.140426666326089,0.9945136384031342,70.0,Y[variable Demand],25500.0,105.0,22.944467315,119.82422735045823,137.66680389,Yes,Below Reorder Point,29.151503029100002
1379CA,271.0,Kg,45,72,490.18125,1379CA,1558.0,763702.3875,0.1486362083642977,91.76538480443492,C[Low Value],17.71698113207547,17.642145079861123,0.9957760268718207,71.0,Y[variable Demand],132839.11875,103.0,78.0,688.3908355795148,802.2857142857143,Yes,Below Reorder Point,5.749077490774908
1947CA,16.0,Kg,30,47,30.0,1947CA,865.742904708,25972.287141239998,0.005054877850860087,99.86900313939582,C[Low Value],12.891116795056604,12.926394029694743,1.0027365537989437,72.0,Y[variable Demand],480.0,254.0,51.942830102,293.51135870604315,348.7590021134286,Yes,Below Reorder Point,54.10893154425
3358BA,48.0,Kg,30,40,1363.64,3358BA,272.0,370910.08,0.07218868087576631,97.01511025971422,C[Low Value],3.3773584905660377,3.3867752707254843,1.0027882086505624,73.0,Y[variable Demand],65454.72,154.0,17.0,82.66846361185983,97.14285714285714,Yes,Below Reorder Point,5.666666666666667
1672AA,415.0,Kg,15,24,30.0,1672AA,879.246481794,26377.39445382,0.005133722196390619,99.84862749052239,C[Low Value],13.458512238471698,13.524920594800458,1.0049343014407588,74.0,Y[variable Demand],12450.0,250.0,69.196801863,208.40650873356066,237.246177816,No,In Stock,2.1186662211903617
3619CA,36357.0,Kg,15,22,0.7455,3619CA,504149.0,375843.07950000005,0.0731487699805591,96.79802840359095,C[Low Value],6007.132075471698,6082.9528508830945,1.0126217926389511,75.0,Y[variable Demand],27104.143500000002,151.0,27743.0,74319.85983827493,87192.28571428571,Yes,Below Reorder Point,13.866628159639134
1468AA,459.0,Kg,60,94,30.0,1468AA,845.739631026,25372.18893078,0.004938083240670429,99.91883989831032,C[Low Value],12.729825338169812,12.96310004145463,1.0183250513724924,76.0,Y[variable Demand],13770.0,264.0,49.333254640999996,553.3623451376873,662.4751337505713,Yes,Below Reorder Point,1.8425700022352942
3399AA,14.0,Kg,40,59,194.753,3399AA,593.0,115488.529,0.022477050407453698,99.38922263011601,C[Low Value],6.584905660377358,6.726623230647212,1.0215215794392614,77.0,Y[variable Demand],2726.542,205.0,27.0,189.9433962264151,227.57142857142858,Yes,Below Reorder Point,42.357142857142854
2371CA,78462.0,Kg,90,136,3.44,2371CA,1096351.7182337,3771449.9107239274,0.7340215559636097,69.9080200722007,A[High Value],16530.16269513585,16932.22983662041,1.024323241634087,78.0,Y[variable Demand],269909.27999999997,39.0,62302.566294000004,997919.1962031106,1210449.8594262858,Yes,Below Reorder Point,13.973027940069077
1956CA,12.0,Kg,60,92,1250.0,1956CA,201.0,251250.0,0.04889973890716663,98.52569481733154,C[Low Value],2.2830188679245285,2.3400966325425867,1.0250010043368354,79.0,Y[variable Demand],15000.0,179.0,14.0,164.43126684636118,184.0,Yes,Below Reorder Point,16.75
1083AA,48210.0,Kg,45,68,29.02,1083AA,386606.0,11219306.12,2.183566726318713,35.68883339294457,A[High Value],4971.509433962264,5103.225151511999,1.0264941099477625,80.0,Y[variable Demand],1399054.2,11.0,24126.0,202407.153638814,234366.85714285713,Yes,Below Reorder Point,8.019207633271105
2117BA,372.0,Kg,120,168,2424.0,2117BA,5604.341554127,13584923.927203847,2.643977047219856,28.872799623558166,A[High Value],87.25294746498113,89.97772536805739,1.0312284912113696,81.0,Y[variable Demand],901728.0,8.0,371.168962293,7412.290281346608,8908.055095032,Yes,Below Reorder Point,15.065434285287633
1678CA,230.0,Kg,60,87,30.0,1678CA,887.390689486,26621.720684580003,0.005181274390986983,99.8280342537038,C[Low Value],13.740988660018868,14.213573029531362,1.0343923120239185,82.0,Y[variable Demand],6900.0,246.0,64.433850128,683.0408059335526,800.8207087337144,Yes,Below Reorder Point,3.8582203890695657
1163CA,2161.0,Kg,90,136,94.66425,1163CA,18564.0,1757347.1369999999,0.34202513897933046,84.21545265357138,B[Medium Value],206.0188679245283,214.21273489454694,1.039772410423206,83.0,Y[variable Demand],204569.44425,68.0,964.0,16080.328840970353,18729.14285714286,Yes,Below Reorder Point,8.590467376214715
1206BA,786.0,Kg,45,69,236.62475,1206BA,12196.674594423,2886035.076736694,0.5616969621068615,75.72101354544874,B[Medium Value],192.7760659285283,202.00473535090367,1.0478724855075987,84.0,Y[variable Demand],185987.0535,48.0,1086.25948109,9468.14017548946,10707.414885029999,Yes,Below Reorder Point,15.517397702828246
1497CA,2096.0,Kg,40,53,16.71828,1497CA,33444.14,559128.4968792,0.10882084582268423,94.40943304430816,C[Low Value],419.67735849056606,442.4467241468434,1.0542544533214058,85.0,Y[variable Demand],35041.51488,124.0,2164.0,13986.415094339622,16384.571428571428,Yes,Below Reorder Point,15.956173664122137
1842BA,6.0,Kg,30,41,6548.29,1842BA,158.994545883,1041142.3948601901,0.20263319909988253,89.09329930820603,B[Medium Value],2.3139096876415093,2.439605064500217,1.054321643377026,86.0,Y[variable Demand],39289.74,87.0,11.261474453,56.04330884910782,65.96006465328571,Yes,Below Reorder Point,26.499090980500004
2970CA,28.0,Kg,60,96,512.205,2970CA,212.0,108587.46,0.021133924149621494,99.45397144859263,C[Low Value],2.490566037735849,2.6430070396995364,1.0612073720005715,87.0,Y[variable Demand],14341.740000000002,208.0,10.0,115.79514824797843,137.14285714285714,Yes,Below Reorder Point,7.571428571428571
3551CA,10034.0,Kg,20,31,7.06831,3551CA,100085.0,707431.8063500001,0.13768450000055826,92.33661655612065,C[Low Value],1051.9433962264152,1128.4002361255707,1.0726815151589195,88.0,Y[variable Demand],70923.42254,107.0,4125.0,15262.30458221024,18267.85714285714,Yes,Below Reorder Point,9.974586406218856
1486CA,66.0,Kg,60,81,190.72,1486CA,749.0,142849.28,0.027802159184385035,99.26394446303148,C[Low Value],8.49056603773585,9.155961995227761,1.078368857215714,89.0,Y[variable Demand],12587.52,200.0,45.0,447.93800539083554,520.7142857142857,Yes,Below Reorder Point,11.348484848484848
1317CA,16.0,Kg,90,144,4908.7,1317CA,167.0,819752.9,0.15954508568514497,90.83773269820784,C[Low Value],1.8867924528301887,2.034891580541167,1.0784925376868186,90.0,Y[variable Demand],78539.2,97.0,8.0,140.31266846361189,164.57142857142858,Yes,Below Reorder Point,10.4375
1741BA,21.0,Kg,30,41,1450.0,1741BA,427.632169961,620066.64644345,0.12068098354677456,93.49452105287286,C[Low Value],6.5422913765660375,7.137278588897735,1.0909447742518614,91.0,Y[variable Demand],30450.0,116.0,36.441913814,185.40710358243126,213.44549519628572,Yes,Below Reorder Point,20.363436664809523
1630BA,262.0,Kg,60,91,442.803,1630BA,372.0,164722.716,0.03205929474419645,99.0850494924353,C[Low Value],4.132075471698113,4.5236036343106285,1.0947533909518874,92.0,Y[variable Demand],116014.386,194.0,19.0,211.58221024258762,247.0,No,In Stock,1.4198473282442747
1906CA,32.0,Kg,30,46,1893.75,1906CA,174.0,329512.5,0.06413164265332436,97.49137827478087,C[Low Value],1.9433962264150944,2.1341102842566744,1.0981344181126578,93.0,Y[variable Demand],60600.0,161.0,8.0,44.242587601078164,52.57142857142857,Yes,Below Reorder Point,5.4375
2867AA,265.0,Kg,30,47,297.635,2867AA,3273.0,974159.355,0.18959656960586607,89.4737191900588,B[Medium Value],31.243396226415097,34.42988141713064,1.1019890785119413,94.0,Y[variable Demand],78873.275,89.0,138.0,792.6711590296495,926.5714285714284,Yes,Below Reorder Point,12.350943396226416
3120BA,119.0,Kg,30,42,1534.88,3120BA,378.0,580184.64,0.1129189150803919,94.07819720037705,C[Low Value],4.433962264150943,4.893124823362895,1.1035558112265251,95.0,Y[variable Demand],182650.72,121.0,19.0,94.99730458221025,114.0,No,In Stock,3.1764705882352944
1196AA,1253.0,Kg,90,128,30.0,1196AA,787.18419056,23615.525716800003,0.004596191210774126,99.9665838452457,C[Low Value],12.438545766396228,13.877324120298933,1.1156709458584528,96.0,Y[variable Demand],37590.0,274.0,50.492000246,763.3581303589058,923.2822902125715,No,In Stock,0.628239577462091
2539AA,187.0,Kg,30,45,30.0,2539AA,880.160152498,26404.80457494,0.00513905691386796,99.843493768326,C[Low Value],13.197667950792452,14.804958989341316,1.1217859885959893,97.0,Y[variable Demand],5610.0,249.0,69.873437172,392.6249477451752,449.18638181999995,Yes,Below Reorder Point,4.706738783411764
1970CA,790.5,Kg,60,96,244.928,1970CA,19287.5,4724048.8,0.9194219021083138,60.06512387429156,A[High Value],190.03301886792454,213.27414439550392,1.1223004594992636,98.0,Y[variable Demand],193615.584,27.0,920.0,10988.288409703504,12617.142857142857,Yes,Below Reorder Point,24.399114484503478
1464AA,21.0,Kg,30,42,842.57,1464AA,371.0,312593.47000000003,0.060838762456060604,97.92571833520195,C[Low Value],4.566037735849057,5.160908663144295,1.1302816493663126,99.0,Y[variable Demand],17693.97,168.0,30.0,160.43126684636118,180.0,Yes,Below Reorder Point,17.666666666666668
3075BA,438.0,Kg,30,43,31.0,3075BA,2681.106338924,83114.296506644,0.016176188651254617,99.54348843864837,C[Low Value],39.45671890288679,44.99953102566159,1.1404782829615685,100.0,Y[variable Demand],13578.0,213.0,241.27271532,1313.003598810485,1482.10382268,Yes,Below Reorder Point,6.121247349141552
3512AA,70141.0,Kg,20,31,0.10295,3512AA,469313.0,48315.77335,0.009403497321046127,99.71692274032739,C[Low Value],5116.377358490566,5850.792116741429,1.1435419451679245,101.0,Y[variable Demand],7221.01595,227.0,31070.0,122977.49326145553,137595.7142857143,Yes,Below Reorder Point,6.690993855234456
2508BA,46.0,Kg,60,89,463.1,2508BA,155.0,71780.5,0.01397033913880945,99.6027871113693,C[Low Value],1.3773584905660377,1.5838902338417322,1.1499477040220796,102.0,Y[variable Demand],21302.600000000002,217.0,6.0,64.47978436657682,76.28571428571429,Yes,Below Reorder Point,3.369565217391304
2331CA,227.0,Kg,60,83,210.12419,2331CA,41323.5,8683066.965465,1.6899490846753518,46.70681421826856,A[High Value],520.9528301886793,601.7364873698624,1.1550690436827549,103.0,Y[variable Demand],47698.19113,17.0,2882.3,29710.532884097036,34175.84285714286,Yes,Below Reorder Point,182.0418502202643
3494AA,2680.0,Kg,30,42,3.5,3494AA,12280.0,42980.0,0.008365018022806057,99.72528775835019,C[Low Value],143.58490566037736,167.50263304041434,1.1665754994930302,104.0,Y[variable Demand],9380.0,228.0,650.0,3284.636118598383,3900.0,Yes,Below Reorder Point,4.582089552238806
1382CA,172.0,Kg,90,123,613.52125,1382CA,1516.0,930098.215,0.1810211338170019,89.6547403238758,B[Medium Value],16.150943396226417,19.003437165231137,1.176614684295853,105.0,Y[variable Demand],105525.655,90.0,82.0,1233.2021563342319,1440.857142857143,Yes,Below Reorder Point,8.813953488372093
3027CA,27.0,Kg,30,46,1145.83,3027CA,63.0,72187.29,0.014049510978769832,99.58881677223049,C[Low Value],0.7547169811320755,0.8966960804350792,1.1881223065764799,106.0,Y[variable Demand],30937.409999999996,216.0,4.0,23.05121293800539,26.285714285714285,No,In Stock,2.3333333333333335
2606AA,43.0,Kg,60,79,2041.52333,2606AA,330.0,673702.6989,0.13111994458612336,92.73691646357592,C[Low Value],3.849056603773585,4.596805857645963,1.194268188506059,107.0,Y[variable Demand],87785.50319,110.0,20.0,192.722371967655,225.71428571428572,Yes,Below Reorder Point,7.674418604651162
2458CA,79661.0,Kg,45,64,6.83263,2458CA,480129.86589203,3280549.725589861,0.6384797017047616,73.93844812831841,B[Medium Value],7173.13447887132,8579.512272500946,1.1960618189680052,108.0,Y[variable Demand],544294.13843,45.0,58317.612783,487076.59522325575,533189.6025874285,Yes,Below Reorder Point,6.027163428679404
2317CA,3420.0,Kg,60,89,37.26672,2317CA,169653.99,6322447.742212799,1.2305116173071087,57.06973488142253,A[High Value],2012.9433962264152,2423.7479411186105,1.204081518468087,109.0,Y[variable Demand],127452.1824,24.0,11279.33,126154.82374663073,143408.6242857143,Yes,Below Reorder Point,49.606429824561395
1077CA,46516.0,Kg,45,70,22.9777,1077CA,451826.0,10381922.280199999,2.0205902044030886,37.70942359734765,A[High Value],6785.830188679245,8291.621447015632,1.2219022899878174,110.0,Y[variable Demand],1068830.6931999999,12.0,37308.0,329456.8059299191,373080.0,Yes,Below Reorder Point,9.713345945481125
1511CA,50.0,Kg,30,41,6.787,1511CA,2692.0,18270.604,0.003555931404084514,99.98220003846477,C[Low Value],36.41509433962264,44.62985977083062,1.2255868227222917,111.0,Y[variable Demand],339.35,278.0,288.0,1530.7924528301887,1686.857142857143,Yes,Below Reorder Point,53.839999999999996
1624CA,18.0,Kg,30,48,1531.377,1624CA,399.0,611019.423,0.11892016020659743,93.73242959280091,C[Low Value],5.39622641509434,6.680452606274026,1.2379859724913405,112.0,Y[variable Demand],27564.786,118.0,29.0,175.73045822102426,198.85714285714286,Yes,Below Reorder Point,22.166666666666664
2473CA,73915.0,Kg,60,92,5.95,2473CA,1330076.18021067,7913953.272253486,1.5402596964645272,53.11263725068836,A[High Value],19188.893051774907,23817.056236763132,1.2411896909582356,113.0,Y[variable Demand],439794.25,21.0,136634.402815,1631290.2108390725,1795766.436997143,Yes,Below Reorder Point,17.9946719909446
2573CA,444.0,Kg,60,81,1618.99,2573CA,4987.516190071,8074738.836563048,1.5715527198069315,51.572377554223834,A[High Value],78.1387728241698,97.2167914697573,1.2441555959487285,114.0,Y[variable Demand],718831.56,20.0,608.6344989199999,6373.009720438544,7042.770630359999,Yes,Below Reorder Point,11.23314457223198
2923CA,495.0,Kg,15,22,20.18857,2923CA,5310.0,107201.30669999999,0.020864142917958576,99.47483559151058,C[Low Value],64.84471698113208,80.87991988611107,1.2472861884746103,115.0,Y[variable Demand],9993.342149999999,209.0,257.0,668.761320754717,807.7142857142858,Yes,Below Reorder Point,10.727272727272727
2227AA,160.0,Kg,60,80,751.635,2227AA,717.0,538922.295,0.10488819708159616,94.61925136729067,C[Low Value],5.339622641509434,6.664900588520591,1.2481969300056228,116.0,Y[variable Demand],120261.6,126.0,31.0,308.5175202156334,354.2857142857143,Yes,Below Reorder Point,4.48125
1584BA,20.0,Kg,45,65,425.0,1584BA,256.837950658,109156.12902965001,0.021244601829519913,99.432837524443,C[Low Value],3.929497751622642,4.909433252724442,1.2493793260721797,117.0,Y[variable Demand],8500.0,207.0,32.0,271.88180016814016,297.14285714285717,Yes,Below Reorder Point,12.841897532900001
3138CA,241.0,Kg,15,21,376.116,3138CA,843.0,317065.788,0.061709191043164364,97.7425597563299,C[Low Value],9.339622641509434,11.792995633371033,1.2626843809467974,118.0,Y[variable Demand],90643.95599999999,165.0,63.0,168.98652291105122,189.0,No,In Stock,3.49792531120332
1009AA,7210.0,Kg,30,48,28.76326,1009AA,86398.0,2485088.13748,0.4836623326729115,77.21784698804505,B[Medium Value],1073.377358490566,1357.6376432048187,1.2648279120718486,119.0,Y[variable Demand],207383.1046,51.0,6309.0,38661.525606469004,43261.71428571429,Yes,Below Reorder Point,11.983079056865465
2013AA,3371.0,Kg,120,189,143.8402,2013AA,24264.0,3490138.6128000002,0.6792711121024507,71.98985594202718,B[Medium Value],289.95283018867923,372.27050576561913,1.283900231369957,120.0,Y[variable Demand],484885.3142,42.0,1605.0,38364.38005390835,43335.0,Yes,Below Reorder Point,7.197864135271433
1993AA,21334.0,Kg,60,94,83.75125,1993AA,105862.5,8866116.703125,1.7255752911573392,45.01686513359321,A[High Value],1418.9150943396226,1827.3319709553248,1.2878374317427241,121.0,Y[variable Demand],1786749.1675,16.0,7612.5,90062.87061994609,102225.0,Yes,Below Reorder Point,4.962149620324365
2953CA,35.0,Kg,30,42,1519.82,2953CA,211.0,320682.01999999996,0.06241300318496631,97.68085056528673,C[Low Value],2.6226415094339623,3.43749917535285,1.3107011244151154,122.0,Y[variable Demand],53193.7,164.0,21.0,114.7601078167116,126.0,Yes,Below Reorder Point,6.0285714285714285
1130AA,13622.0,Kg,90,139,17.26609,1130AA,98250.0,1696393.3424999998,0.33016195634668927,84.54561460991806,B[Medium Value],1069.7169811320755,1408.8770265897056,1.3170558675236685,123.0,Y[variable Demand],235198.67797999998,69.0,6602.0,117343.35309973045,131096.85714285713,Yes,Below Reorder Point,7.212597269123476
1499AA,4218.004,Kg,20,30,14.22359,1499AA,26925.106,382971.66845054,0.07453617749680952,96.65118384137266,C[Low Value],399.1453962264151,532.3955210398758,1.3338385612692238,124.0,Y[variable Demand],59995.15951436,149.0,2905.106,11310.038867924528,12450.454285714286,Yes,Below Reorder Point,6.383376118182913
3502BA,376.0,Kg,40,55,1234.335,3502BA,1942.0,2397078.5700000003,0.4665333978625447,79.10345908761914,B[Medium Value],21.07547169811321,28.189502312715753,1.3375502440232183,125.0,Y[variable Demand],464109.96,55.0,152.0,1073.854447439353,1194.2857142857142,Yes,Below Reorder Point,5.164893617021277
1601AA,14.0,Kg,30,42,918.403,1601AA,521.0,478487.963,0.09312611526735126,95.51413177564298,C[Low Value],6.886792452830188,9.223007138001915,1.3392311734632918,126.0,Y[variable Demand],12857.642,135.0,58.0,318.4851752021563,348.0,Yes,Below Reorder Point,37.214285714285715
2565CA,1735.0,Kg,30,40,463.03583,2565CA,17843.02559232,8261960.164851132,1.607990825562713,50.0008248344169,A[High Value],266.0262662506792,357.37959958963336,1.34339967487598,127.0,Y[variable Demand],803367.16505,19.0,2189.24078703,11369.834784811374,12509.947354457141,Yes,Below Reorder Point,10.284164606524495
1945AA,31.0,Kg,15,23,965.0,1945AA,143.0,137995.0,0.02685739092734113,99.29080185395883,C[Low Value],0.7547169811320755,1.0172674630778598,1.3478793885781641,128.0,Y[variable Demand],29915.0,201.0,4.0,11.525606469002694,13.142857142857142,No,In Stock,4.612903225806452
2935BA,759.0,Kg,15,20,23.495,2935BA,2565.4,60274.073000000004,0.011730891273916426,99.66510240835088,C[Low Value],27.879245283018868,37.60814845467242,1.3489658013654833,129.0,Y[variable Demand],17832.705,222.0,213.0,548.8301886792452,608.5714285714286,No,In Stock,3.379973649538867
3533CA,82476.0,Kg,40,64,0.64377,3533CA,643314.0,414146.25377999997,0.08060355693223152,96.10666217270557,C[Low Value],7442.811320754717,10170.24972285607,1.3664527131697846,130.0,Y[variable Demand],53095.574519999995,142.0,54431.0,455124.5067385445,497654.85714285716,Yes,Below Reorder Point,7.800014549687182
3025CA,15.0,Kg,30,45,1092.5,3025CA,155.0,169337.5,0.03295745089429783,98.98790381804591,C[Low Value],2.169811320754717,2.9983062465883825,1.3818280962537761,131.0,Y[variable Demand],16387.5,191.0,12.0,67.84366576819407,77.14285714285714,Yes,Below Reorder Point,10.333333333333334
3250CA,418.0,Kg,60,94,34.75342,3250CA,34202.0,1188636.4708399998,0.2313393555407442,87.56201114568483,B[Medium Value],429.8490566037736,598.2900118808608,1.3918607071234141,132.0,Y[variable Demand],14526.929559999999,80.0,2405.0,28611.293800539082,32295.714285714286,Yes,Below Reorder Point,81.82296650717703
2513CA,19.0,Kg,30,44,4805.03,2513CA,166.0,797634.98,0.15524036722476847,91.46362956082677,C[Low Value],2.0943396226415096,2.9172177929782825,1.3929057930436843,133.0,Y[variable Demand],91295.56999999999,101.0,18.0,104.16711590296495,113.14285714285714,Yes,Below Reorder Point,8.73684210526316
2988AA,29.0,Kg,30,40,9261.0,2988AA,127.0,1176147.0,0.2289085819560092,88.0212096830193,B[Medium Value],1.0,1.400549342771779,1.400549342771779,134.0,Y[variable Demand],268569.0,82.0,7.0,35.714285714285715,40.0,Yes,Below Reorder Point,4.379310344827586
1385CA,89.0,Kg,45,66,1781.5475,1385CA,1382.0,2462098.645,0.47918798369826365,77.69703497174332,B[Medium Value],18.264150943396228,26.141001498821606,1.431273842394158,135.0,Y[variable Demand],158557.72749999998,52.0,172.0,1504.301886792453,1621.7142857142858,Yes,Below Reorder Point,15.528089887640451
3079BA,13347.0,Kg,15,24,134.5,3079BA,33298.0,4478581.0,0.8716475286551134,62.705746694338146,A[High Value],363.2641509433962,522.0162888315988,1.4370157018685263,136.0,Y[variable Demand],1795171.5,30.0,2724.0,8561.005390835579,9339.42857142857,No,In Stock,2.4947928373417247
3423CA,72.0,Kg,15,21,29.555,3423CA,350.0,10344.25,0.002013258205733168,99.99264884709284,C[Low Value],4.660377358490566,6.80764105824764,1.4607488910409916,137.0,Y[variable Demand],2127.96,282.0,42.0,116.01347708894879,126.0,Yes,Below Reorder Point,4.861111111111111
1126CA,39270.0,Kg,45,62,32.8,1126CA,416080.0,13647423.999999998,2.656141175543879,26.22882257633831,A[High Value],5958.301886792453,8780.267609345809,1.4736191244033308,138.0,Y[variable Demand],1288056.0,7.0,34572.0,267905.77358490566,306209.14285714284,Yes,Below Reorder Point,10.59536541889483
3407CA,4.0,Kg,15,21,1017.592,3407CA,878.0,893445.776,0.17388762258352589,90.18763370476601,C[Low Value],10.132075471698114,15.023107503812833,1.4827275562422348,139.0,Y[variable Demand],4070.368,93.0,107.0,299.28840970350404,321.0,Yes,Below Reorder Point,219.5
3084CA,44.0,Kg,30,45,2769.81,3084CA,291.0,806014.71,0.15687127910183335,91.15171372949047,C[Low Value],3.641509433962264,5.421092494289325,1.4886937937685711,140.0,Y[variable Demand],121871.64,99.0,30.0,177.25067385444746,192.85714285714286,Yes,Below Reorder Point,6.613636363636363
2291AA,2510.0,Kg,120,191,18.75596,2291AA,104318.0,1956584.2352800001,0.3808018239007773,82.82330542880713,B[Medium Value],1193.2264150943397,1787.0200554329529,1.4976370224687543,141.0,Y[variable Demand],47077.4596,64.0,11954.0,305718.11859838275,326173.4285714286,Yes,Below Reorder Point,41.560956175298806
2060AA,396.0,Kg,120,175,1101.15,2060AA,747.0,822559.05,0.16009123494816724,90.6781876125227,C[Low Value],4.716981132075472,7.085677206901709,1.5021635678631622,142.0,Y[variable Demand],436055.4,96.0,38.0,869.1374663072776,950.0,Yes,Below Reorder Point,1.8863636363636365
1116CA,33398.0,Kg,90,140,32.8,1116CA,425947.0,13971061.6,2.719129410929121,23.57268140079443,A[High Value],4920.075471698113,7400.463173781907,1.5041361085519516,143.0,Y[variable Demand],1095454.4,6.0,36358.0,663901.8867924529,727160.0,Yes,Below Reorder Point,12.75366788430445
2337CA,32086.0,Kg,60,83,1.72706,2337CA,72530.0,125263.6618,0.02437954370776367,99.36674557970855,C[Low Value],384.37735849056605,578.2040572195909,1.5042614879559355,144.0,Y[variable Demand],55414.44716,204.0,2368.0,24783.051212938004,28077.714285714286,No,In Stock,2.2604874400049866
2564BA,1340.0,Kg,60,96,309.205,2564BA,14705.0,4546859.524999999,0.8849362930151787,60.95006016730674,A[High Value],164.9811320754717,248.9882211120436,1.5091920996041068,145.0,Y[variable Demand],414334.69999999995,28.0,1644.0,21132.161725067384,22546.285714285714,Yes,Below Reorder Point,10.973880597014926
2016CA,2520.5,Kg,60,86,267.32395,2016CA,16540.5,4421671.794975,0.8605715275918819,64.4379499858932,A[High Value],236.66981132075472,363.6286004581014,1.5364384601011978,146.0,Y[variable Demand],673790.0159750001,32.0,1636.0,18070.830188679247,20099.428571428572,Yes,Below Reorder Point,6.562388414997024
2501CA,22117.0,Kg,90,125,35.12175,2501CA,121032.0,4250855.646,0.8273262934187269,65.26527627931192,A[High Value],1263.6415094339623,1949.6409343413009,1.5428750320291602,147.0,Y[variable Demand],776787.74475,33.0,13127.0,218163.8948787062,234410.7142857143,Yes,Below Reorder Point,5.47235158475381
2953BA,868.0,Kg,30,41,47.90925,2953BA,12761.0,611369.93925,0.11898837972145404,93.61350943259431,C[Low Value],144.41509433962264,223.71577382939958,1.5491162807627616,148.0,Y[variable Demand],41585.229,117.0,1487.0,8090.649595687332,8709.57142857143,Yes,Below Reorder Point,14.701612903225808
1908AA,22.0,Kg,120,157,27809.1,1908AA,121.0,3364901.0999999996,0.6548966576654239,73.29996842661365,B[Medium Value],1.0566037735849056,1.6456830980526767,1.5575215035141403,149.0,Z[Uncertain Demand],611800.2,44.0,11.0,228.6010781671159,246.71428571428572,Yes,Below Reorder Point,5.5
3177CA,11771.05,Kg,30,42,69.45642,3177CA,19143.0,1329604.24806,0.25877532569151684,86.8386710528447,B[Medium Value],158.56226415094338,249.1630175564824,1.5713891252163983,150.0,Z[Uncertain Demand],817574.9926409998,77.0,1770.05,9940.7474393531,10620.3,No,In Stock,1.6262780295725532
2646AA,277.0,Kg,120,157,908.33214,2646AA,2861.0,2598738.25254,0.5057815802478506,76.73418465537215,B[Medium Value],17.71698113207547,28.057206230849264,1.5836335785250384,151.0,Z[Uncertain Demand],251608.00277999998,50.0,140.0,2836.280323450135,3140.0,Yes,Below Reorder Point,10.328519855595667
2498CA,23.0,Kg,30,45,117.17,2498CA,120.0,14060.4,0.002736516970866968,99.98830942100882,C[Low Value],1.320754716981132,2.1101730233986133,1.5977024320018074,152.0,Z[Uncertain Demand],2694.91,280.0,10.0,58.62533692722373,64.28571428571429,Yes,Below Reorder Point,5.217391304347826
2673BA,4840.0,Kg,60,95,13.0,2673BA,40540.0,527020.0,0.10257170308001973,94.92764525215956,C[Low Value],502.60377358490564,815.5459082400112,1.6226418325970642,153.0,Z[Uncertain Demand],62920.0,129.0,3700.0,45906.25336927224,50214.28571428572,Yes,Below Reorder Point,8.37603305785124
1161AA,197.0,Kg,90,142,136.5925,1161AA,16646.0,2273718.755,0.44252439191175313,80.00033320977992,B[Medium Value],186.88679245283018,304.5656844891754,1.629680088634659,154.0,Z[Uncertain Demand],26908.7225,57.0,1500.0,28025.74123989218,30428.571428571428,Yes,Below Reorder Point,84.497461928934
3420AA,73.0,Kg,15,20,17.255,3420AA,350.0,6039.25,0.0011753940226670889,99.99764631202979,C[Low Value],4.113207547169812,6.7129621381052225,1.632050428071453,155.0,Z[Uncertain Demand],1259.615,285.0,44.0,116.90026954177897,125.71428571428571,Yes,Below Reorder Point,4.794520547945205
3590BA,145.0,Kg,120,160,115.085,3590BA,1579.0,181719.215,0.03536725240961305,98.85358129465774,C[Low Value],21.528301886792452,35.38883123115416,1.643828269282358,156.0,Z[Uncertain Demand],16687.325,187.0,164.0,3379.5148247978436,3748.5714285714284,Yes,Below Reorder Point,10.889655172413793
2752AA,933.0,Kg,45,61,76.502,2752AA,4022.0,307691.044,0.05988462374397421,98.04561924628301,C[Low Value],57.0,95.08761142311782,1.6682037091775057,157.0,Z[Uncertain Demand],71376.366,170.0,407.0,3180.285714285714,3546.714285714286,Yes,Below Reorder Point,4.310825294748125
1224AA,194.0,Kg,90,121,698.0,1224AA,12411.0,8662878.0,1.6860197905856233,48.39283400885419,A[High Value],139.24528301886792,233.32075195882146,1.6756097362896392,158.0,Z[Uncertain Demand],135412.0,18.0,868.0,13213.703504043127,15004.0,Yes,Below Reorder Point,63.97422680412371
1964BA,21840.0,Kg,60,96,99.12769,1964BA,92149.0,9134517.50581,1.777813019212147,43.291289842435866,A[High Value],747.3301886792453,1256.3914977464544,1.6811732173791505,159.0,Z[Uncertain Demand],2164948.7496,15.0,6290.0,79857.16981132075,86262.85714285714,Yes,Below Reorder Point,4.219276556776556
2763CA,8782.0,Kg,90,136,10.08731,2763CA,48658.0,490828.32998000004,0.09552786939010001,95.42100566037563,C[Low Value],614.377358490566,1044.3934239992552,1.6999217330618674,160.0,Z[Uncertain Demand],88586.75642,134.0,4710.0,83609.43396226416,91508.57142857143,Yes,Below Reorder Point,5.540651332270554
3413AA,160.0,Kg,30,44,35.3004,3413AA,14952.12,527815.816848,0.10272658959180134,94.82507354907955,C[Low Value],28.754716981132077,48.964235637381044,1.7028244677041964,161.0,Z[Uncertain Demand],5648.064,128.0,218.0,1247.0512129380054,1370.2857142857142,Yes,Below Reorder Point,93.45075
2053BA,115.0,Kg,60,89,1212.86889,2053BA,579.0,702251.08731,0.13667619827555372,92.4732927543962,C[Low Value],5.60377358490566,9.632356574510702,1.7189053819833913,162.0,Z[Uncertain Demand],139479.92235,108.0,52.0,613.11051212938,661.1428571428571,Yes,Below Reorder Point,5.034782608695652
3576BA,162.0,Kg,60,96,44.79,3576BA,1392.0,62347.68,0.0121344687501197,99.64124931299443,C[Low Value],18.37735849056604,31.920108453096997,1.7369258193163664,163.0,Z[Uncertain Demand],7255.98,220.0,216.0,2804.765498652291,2962.285714285714,Yes,Below Reorder Point,8.592592592592593
1971AA,1890.5,Kg,120,177,321.9469,1971AA,9994.0,3217537.3186000003,0.6262158599148459,74.56466398823326,B[Medium Value],133.33962264150944,232.59784487031772,1.7444015534352397,164.0,Z[Uncertain Demand],608640.6144500001,46.0,1096.5,25439.96361185984,27725.785714285714,Yes,Below Reorder Point,5.2864321608040195
2054CA,219.0,Kg,120,174,904.0,2054CA,409.0,369736.0,0.07196017458539368,97.08707043429962,C[Low Value],1.7924528301886793,3.1400544493444067,1.7518198506868794,165.0,Z[Uncertain Demand],197976.0,155.0,13.0,292.41509433962267,323.14285714285717,Yes,Below Reorder Point,1.8675799086757991
2714CA,9014.0,Kg,90,124,49.79846,2714CA,46878.520000000004,2334478.1030792003,0.4543497302490369,79.55780881786818,B[Medium Value],503.028679245283,892.4690323307447,1.7741911528180796,166.0,Z[Uncertain Demand],448883.31844,56.0,4625.0,75461.05983827494,81928.57142857143,Yes,Below Reorder Point,5.20063456844908
1366BA,12.0,Kg,45,67,16900.0,1366BA,55.0,929500.0,0.1809047057282045,89.83564502960401,B[Medium Value],0.5471698113207547,0.991619455076645,1.8122700385883512,167.0,Z[Uncertain Demand],202800.0,91.0,4.0,34.76819407008086,38.285714285714285,Yes,Below Reorder Point,4.583333333333333
2977BA,442.0,Kg,60,89,52.8,2977BA,623.0,32894.4,0.0064020997870961275,99.75285999074426,C[Low Value],3.7735849056603774,6.879852160290951,1.8231608224771019,168.0,Z[Uncertain Demand],23337.6,232.0,33.0,387.2264150943396,419.57142857142856,No,In Stock,1.409502262443439
2348BA,30.0,Kg,60,89,38440.0,2348BA,21.0,807240.0,0.15710975218078085,90.99484245038863,C[Low Value],0.2641509433962264,0.48638950030681,1.8413316797329236,169.0,Z[Uncertain Demand],1153200.0,98.0,2.0,23.1644204851752,25.428571428571427,No,In Stock,0.7
2729AA,880.0,Kg,90,119,76.518,2729AA,4030.0,308367.54,0.06001628733709556,97.98573462253904,C[Low Value],48.264150943396224,89.69052581460238,1.8583259844307765,170.0,Z[Uncertain Demand],67335.84,169.0,407.0,6298.460916442049,6919.0,Yes,Below Reorder Point,4.579545454545454
2803BA,4811.0,Kg,45,67,42.48576,2803BA,14308.0,607886.25408,0.11831036461599027,93.8507399574169,C[Low Value],192.9811320754717,365.7095048598649,1.8950531636265977,171.0,Z[Uncertain Demand],204398.99135999999,119.0,1600.0,14073.692722371967,15314.285714285714,Yes,Below Reorder Point,2.9740178757015174
3345AA,240.0,Kg,40,61,31.06467,3345AA,2005.0,62284.66335,0.01212220408253043,99.65337151707696,C[Low Value],27.32075471698113,52.049448968082125,1.9051248586383651,172.0,Z[Uncertain Demand],7455.5208,221.0,313.0,2571.452830188679,2727.5714285714284,Yes,Below Reorder Point,8.354166666666666
2994CA,12.0,Kg,30,48,12977.0,2994CA,49.0,635873.0,0.12375730817160902,93.37384006932608,C[Low Value],0.7735849056603774,1.4889530321925781,1.9247441635660154,173.0,Z[Uncertain Demand],155724.0,115.0,8.0,51.54177897574124,54.857142857142854,Yes,Below Reorder Point,4.083333333333333
1445BA,46.0,Kg,30,44,1291.865,1445BA,527.0,680812.855,0.13250376459360275,92.6057965189898,C[Low Value],6.566037735849057,12.742281878065919,1.9406348837284302,174.0,Z[Uncertain Demand],59425.79,109.0,90.0,537.5741239892183,565.7142857142857,Yes,Below Reorder Point,11.456521739130434
1990AA,2167.5,Kg,60,79,545.845,1990AA,8321.5,4542249.1675,0.8840389983762985,61.834099165683035,A[High Value],136.49056603773585,265.3887658222809,1.9443744247416213,175.0,Z[Uncertain Demand],1183119.0375,29.0,1272.5,13191.152291105122,14361.07142857143,Yes,Below Reorder Point,3.83921568627451
2212CA,88.0,Kg,60,87,884.36,2212CA,268.0,237008.48,0.046127971306604676,98.57182278863814,C[Low Value],3.339622641509434,6.551404418509219,1.9617199671242296,176.0,Z[Uncertain Demand],77823.68000000001,180.0,44.0,518.2318059299191,546.8571428571429,Yes,Below Reorder Point,3.0454545454545454
2847BA,3638.0,Kg,90,118,241.79216,2847BA,14507.0,3507678.8651199997,0.6826848982071823,71.31058482992472,B[Medium Value],183.26415094339623,360.2518430499695,1.965751846149324,177.0,Z[Uncertain Demand],879639.8780799999,41.0,1842.0,28694.603773584902,31050.85714285714,Yes,Below Reorder Point,3.9876305662451896
2229AA,48.0,Kg,120,192,1054.24333,2229AA,314.0,331032.40562,0.06442745554081306,97.42724663212755,C[Low Value],4.679245283018868,9.235744909580012,1.9737680653537928,178.0,Z[Uncertain Demand],50603.67984,160.0,62.0,1620.355795148248,1700.5714285714287,Yes,Below Reorder Point,6.541666666666667
1214CA,2472.0,Kg,30,43,317.65903,1214CA,4498.0,1428830.3169399998,0.27808728135725425,85.76997968593976,B[Medium Value],48.509433962264154,95.88005781293573,1.9765239455797718,179.0,Z[Uncertain Demand],785253.1221599999,73.0,386.0,2163.245283018868,2371.1428571428573,No,In Stock,1.8195792880258899
1193BA,2957.0,Kg,90,138,815.0,1193BA,21602.0,17605630.0,3.42651028973604,18.057669796788772,A[High Value],331.66037735849056,659.6448911636597,1.988916784143473,180.0,Z[Uncertain Demand],2409955.0,4.0,3460.0,63947.22371967654,68211.42857142857,Yes,Below Reorder Point,7.305377071356104
2498BA,32.0,Kg,60,96,1474.56,2498BA,87.0,128286.72,0.024967908908484743,99.34236603600078,C[Low Value],1.169811320754717,2.3593989542368603,2.0169055576540904,181.0,Z[Uncertain Demand],47185.92,203.0,15.0,195.68733153638814,205.71428571428572,Yes,Below Reorder Point,2.71875
3378CA,1900.0,Kg,15,22,1.5,3378CA,22900.0,34350.0,0.0066853971401439755,99.74645789095716,C[Low Value],202.73584905660377,412.01260954113997,2.0322632206310303,182.0,Z[Uncertain Demand],2850.0,231.0,1800.0,5222.708894878706,5657.142857142857,Yes,Below Reorder Point,12.052631578947368
2277AA,10253.0,Kg,120,158,6.37172,2277AA,55418.0,353107.97896,0.06872393224748771,97.29553637948422,C[Low Value],685.1132075471698,1398.1240406671495,2.0407197310831133,183.0,Z[Uncertain Demand],65329.24516,158.0,7590.0,159572.3450134771,171317.14285714287,Yes,Below Reorder Point,5.4050521798497995
1234BA,532.0,Kg,45,63,498.0,1234BA,7969.0,3968562.0,0.7723846592513552,68.42616785318427,A[High Value],93.62264150943396,199.31519553162858,2.1289208712568146,184.0,Z[Uncertain Demand],264936.0,37.0,1014.0,8524.140161725067,9126.0,Yes,Below Reorder Point,14.979323308270677
1330CA,8.0,Kg,60,92,6000.0,1330CA,68.0,408000.0,0.07940733721044373,96.34663579520887,C[Low Value],0.660377358490566,1.4134436429462607,2.1403575164614805,185.0,Z[Uncertain Demand],48000.0,145.0,10.0,125.76819407008085,131.42857142857142,Yes,Below Reorder Point,8.5
2785BA,4220.0,Kg,45,63,34.48244,2785BA,14697.0,506788.42068,0.09863411523354158,95.22841463872507,C[Low Value],212.77358490566039,457.16579392489353,2.1486022060848944,186.0,Z[Uncertain Demand],145515.8968,132.0,2239.0,18783.169811320753,20151.0,Yes,Below Reorder Point,3.482701421800948
2814BA,4499.0,Kg,90,119,50.49535,2814BA,14313.0,722739.94455,0.1406638590498511,92.19893205612009,C[Low Value],189.1320754716981,412.0342143063742,2.1785528090819866,187.0,Z[Uncertain Demand],227178.57965,106.0,2000.0,31568.301886792455,34000.0,Yes,Below Reorder Point,3.1813736385863525
2840AA,11008.0,Kg,90,127,8.61042,2840AA,65956.0,567908.8615199999,0.1105297315478378,94.30061219848548,C[Low Value],860.0377358490566,1879.4518837054611,2.185313277969142,188.0,Z[Uncertain Demand],94783.50335999999,123.0,10922.0,187098.6576819407,198156.2857142857,Yes,Below Reorder Point,5.991642441860465
2767AA,3706.0,Kg,45,62,147.86565,2767AA,3980.0,588505.2869999999,0.11453832787974988,93.96527828529666,C[Low Value],52.905660377358494,119.80822242088257,2.2645634052449273,189.0,Z[Uncertain Demand],547990.0989,120.0,525.0,4309.89218328841,4650.0,Yes,Below Reorder Point,1.0739341608202913
1145BA,1816.0,Kg,45,60,85.30066,1145BA,14703.0,1254175.60398,0.24409496349596022,87.3306717901441,B[Medium Value],233.26415094339623,530.6995438150623,2.2751011746500285,190.0,Z[Uncertain Demand],154905.99855999998,79.0,3243.0,26297.58760107817,27797.14285714286,Yes,Below Reorder Point,8.096365638766521
1967BA,4190.5,Kg,120,163,178.65,1967BA,63821.5,11401710.975,2.219067421980005,33.50526666662585,A[High Value],903.3584905660377,2095.689250895932,2.319886592954685,191.0,Z[Uncertain Demand],748632.8250000001,10.0,14409.0,320037.71159029653,335523.85714285716,Yes,Below Reorder Point,15.230044147476432
3448CA,1565.0,Kg,30,40,6.5255,3448CA,9775.8,63791.982899999995,0.012415567395743036,99.62911484424431,C[Low Value],142.44905660377358,330.691924736047,2.3214750074188046,192.0,Z[Uncertain Demand],10212.4075,219.0,2398.0,13092.361185983827,13702.857142857143,Yes,Below Reorder Point,6.246517571884984
2956AA,405.0,Kg,30,47,12.02259,2956AA,3182.0,38255.88138,0.0074455825319225365,99.73273334088212,C[Low Value],38.58490566037736,89.71545488210195,2.325143818460344,193.0,Z[Uncertain Demand],4869.14895,229.0,648.0,4185.4932614555255,4350.857142857143,Yes,Below Reorder Point,7.85679012345679
2229CA,107.0,Kg,60,80,751.0,2229CA,222.0,166722.0,0.03244840704509706,99.0529901976911,C[Low Value],1.320754716981132,3.105662229056298,2.35142997342834,194.0,Z[Uncertain Demand],80357.0,193.0,16.0,171.53638814016173,182.85714285714286,Yes,Below Reorder Point,2.074766355140187
1907AA,30.0,Kg,60,89,6617.42,1907AA,202.0,1336718.84,0.2601600090280225,86.57989572715319,B[Medium Value],2.150943396226415,5.115572854661517,2.37829264295667,195.0,Z[Uncertain Demand],198522.6,76.0,36.0,439.27762803234504,457.7142857142857,Yes,Below Reorder Point,6.733333333333333
1992AA,2714.5,Kg,60,92,586.3916,1992AA,7051.0,4134647.1716000005,0.8047091230427661,66.87505938129641,A[High Value],35.62264150943396,84.91041125234342,2.3836079429948103,196.0,Z[Uncertain Demand],1591759.9982,35.0,404.5,5010.948787061995,5316.285714285715,Yes,Below Reorder Point,2.597531773807331
2930CA,233.0,Kg,15,24,20.00833,2930CA,1284.0,25690.69572,0.005000072887767018,99.88908864084775,C[Low Value],19.39622641509434,46.96739442775558,2.421470724388177,197.0,Z[Uncertain Demand],4661.94089,258.0,316.0,1041.865229110512,1083.4285714285713,Yes,Below Reorder Point,5.510729613733906
2220BA,107.0,Kg,120,183,752.0,2220BA,223.0,167696.0,0.03263797260010434,99.020541790646,C[Low Value],1.320754716981132,3.2803235353195808,2.4836735338848257,198.0,Z[Uncertain Demand],80464.0,192.0,18.0,447.9299191374663,470.57142857142856,Yes,Below Reorder Point,2.0841121495327104
3495CA,427.0,Kg,15,22,39.835,3495CA,3820.0,152169.7,0.029616153630176615,99.20811051732757,C[Low Value],53.905660377358494,135.08918196039457,2.5060296268466615,199.0,Z[Uncertain Demand],17009.545000000002,198.0,933.0,2816.7735849056603,2932.285714285714,Yes,Below Reorder Point,8.946135831381733
2234AA,142.0,Kg,60,83,903.0,2234AA,232.0,209496.0,0.0407733321476449,98.78159715520073,C[Low Value],0.9056603773584906,2.280891786994021,2.518484681472565,200.0,Z[Uncertain Demand],128226.0,185.0,13.0,146.3800539083558,154.14285714285714,Yes,Below Reorder Point,1.6338028169014085
1995AA,913.5,Kg,120,160,100.57182,1995AA,5267.0,529711.77594,0.10309559219708476,94.72234695948775,C[Low Value],65.43396226415095,164.84579150900188,2.519269593419002,201.0,Z[Uncertain Demand],91872.35757000001,127.0,955.0,20706.846361185984,21828.571428571428,Yes,Below Reorder Point,5.7657361795292825
1255CA,10.0,Kg,60,83,84500.0,1255CA,53.0,4478500.0,0.8716317639631672,63.57737845830131,A[High Value],0.6415094339622641,1.6183365108682706,2.5227010316475984,202.0,Z[Uncertain Demand],845000.0,31.0,10.0,113.07277628032345,118.57142857142857,Yes,Below Reorder Point,5.3
2727CA,3923.0,Kg,90,120,21.88943,2727CA,14307.0,313172.07501000003,0.060951373934346686,97.86487957274589,C[Low Value],198.66037735849056,501.7030972825779,2.5254311098847593,203.0,Z[Uncertain Demand],85872.23389,167.0,3105.0,50674.366576819404,53228.57142857143,Yes,Below Reorder Point,3.6469538618404282
2396CA,124908.0,Kg,30,46,0.7646,2396CA,214484.0,163994.46639999998,0.03191755856390093,99.11696705099921,C[Low Value],3457.735849056604,8796.666014311557,2.544053796565058,204.0,Z[Uncertain Demand],95504.6568,195.0,62000.0,392609.7035040431,407428.5714285714,Yes,Below Reorder Point,1.7171358119576006
1265CA,6.0,Kg,60,79,103500.0,1265CA,19.0,1966500.0,0.382731687804749,82.44250360490635,B[Medium Value],0.33962264150943394,0.9186820875248639,2.7050083688232105,205.0,Z[Uncertain Demand],621000.0,63.0,5.0,53.517520215633425,56.42857142857143,Yes,Below Reorder Point,3.1666666666666665
2212AA,118.0,Kg,120,180,747.405,2212AA,702.0,524678.3099999999,0.10211594972837186,95.02976120188794,C[Low Value],10.415094339622641,28.386368588206988,2.725502781114077,206.0,Z[Uncertain Demand],88193.79,130.0,204.0,5067.169811320754,5245.714285714285,Yes,Below Reorder Point,5.9491525423728815
1979AA,1256.5,Kg,60,94,278.638,1979AA,5079.5,1415341.721,0.2754620522241587,86.04544173816392,B[Medium Value],78.10377358490567,213.03636739214286,2.72760658818301,207.0,Z[Uncertain Demand],350108.647,74.0,1262.5,16284.110512129379,16953.571428571428,Yes,Below Reorder Point,4.0425785913251095
2876CA,577.0,Kg,30,47,427.425,2876CA,757.0,323560.72500000003,0.06297327352483002,97.61843756210176,C[Low Value],11.641509433962264,31.773897329788607,2.7293623314080975,208.0,Z[Uncertain Demand],246624.225,163.0,227.0,1474.2506738544473,1524.142857142857,Yes,Below Reorder Point,1.3119584055459272
2236CA,109.0,Kg,120,159,1617.335,2236CA,265.0,428593.775,0.08341541769049521,95.77990396342798,C[Low Value],4.150943396226415,11.334759721275173,2.7306466601253825,209.0,Z[Uncertain Demand],176289.515,138.0,50.0,1064.5552560646902,1135.7142857142858,Yes,Below Reorder Point,2.4311926605504586
2766AA,7502.0,Kg,90,126,363.83238,2766AA,9253.0,3366541.01214,0.6552158269210526,72.64507176894823,B[Medium Value],107.90566037735849,294.9580324874751,2.7334806298017456,210.0,Z[Uncertain Demand],2729470.51476,43.0,1717.0,29518.64150943396,30906.0,Yes,Below Reorder Point,1.2334044254865368
2293AA,509.0,Kg,60,79,12.73097,2293AA,13929.0,177329.68112999998,0.03451293575223129,98.88809423040998,C[Low Value],139.18867924528303,381.27801569719605,2.739288983591079,211.0,Z[Uncertain Demand],6480.06373,188.0,2108.0,22597.239892183286,23790.285714285714,Yes,Below Reorder Point,27.36542239685658
3610AA,275.0,Kg,120,188,156.16,3610AA,582.0,90885.12,0.017688591596205006,99.5103561490475,C[Low Value],5.132075471698113,14.258651538154025,2.778340189419718,212.0,Z[Uncertain Demand],42944.0,211.0,90.0,2329.1644204851755,2417.1428571428573,Yes,Below Reorder Point,2.1163636363636362
1514BA,13.0,Kg,45,68,332.8,1514BA,63.0,20966.4,0.004080602928649626,99.97494621635727,C[Low Value],0.5849056603773585,1.6341777780154922,2.793916846284551,213.0,Z[Uncertain Demand],4326.400000000001,276.0,10.0,93.38274932614554,97.14285714285714,Yes,Below Reorder Point,4.846153846153846
3556AA,262.0,Kg,30,42,1077.43125,3556AA,910.0,980462.4375000001,0.19082331224690224,89.28412262045293,B[Medium Value],13.39622641509434,37.45886955799835,2.796225474047764,214.0,Z[Uncertain Demand],282286.98750000005,88.0,267.0,1544.5876010781672,1602.0,Yes,Below Reorder Point,3.4732824427480913
1994AA,4317.0,Kg,60,91,450.53667,1994AA,8528.5,3842401.9900950002,0.7478306630528277,69.17399851623709,A[High Value],90.0754716981132,254.68531480849097,2.827465790710101,215.0,Z[Uncertain Demand],1944966.8043900002,38.0,1250.0,15477.924528301886,16250.0,Yes,Below Reorder Point,1.9755617326847348
3161BA,317.0,Kg,30,48,360.0,3161BA,1099.0,395640.0,0.07700176199495087,96.50098643494421,C[Low Value],20.07547169811321,56.847924343612306,2.831710517116026,216.0,Z[Uncertain Demand],114120.0,147.0,266.0,1737.9622641509434,1824.0,Yes,Below Reorder Point,3.466876971608833
1882CA,6.0,Kg,60,87,19950.0,1882CA,18.0,359100.0,0.06989013429478025,97.1569605685944,C[Low Value],0.20754716981132076,0.599951618755717,2.8906759812775453,217.0,Z[Uncertain Demand],119700.0,156.0,3.0,35.506738544474395,37.285714285714285,Yes,Below Reorder Point,3.0
2938CA,304.4,Kg,15,24,29.206,2938CA,874.4,25537.7264,0.004970301107433459,99.89904739341962,C[Low Value],12.879245283018868,37.60947793028612,2.920161632442374,218.0,Z[Uncertain Demand],8890.3064,260.0,270.0,898.1159029649596,925.7142857142857,Yes,Below Reorder Point,2.8725361366622866
3570CA,416.0,Kg,15,21,1160.0,3570CA,953.0,1105480.0,0.21515495867500325,88.6795258919801,B[Medium Value],10.169811320754716,29.986366035927702,2.9485666046459524,219.0,Z[Uncertain Demand],482560.0,85.0,150.0,428.20754716981133,450.0,Yes,Below Reorder Point,2.2908653846153846
1266CA,5.0,Kg,60,86,118900.0,1266CA,15.0,1783500.0,0.347115161555947,83.87342751459205,B[Medium Value],0.18867924528301888,0.5566591200250938,2.950293336132997,220.0,Z[Uncertain Demand],594500.0,67.0,3.0,35.239892183288404,36.857142857142854,Yes,Below Reorder Point,3.0
3044AA,28.0,Kg,15,21,1450.0,3044AA,38.0,55100.0,0.010723883039939826,99.68683432813745,C[Low Value],0.1320754716981132,0.394078079390396,2.983734029670141,221.0,Z[Uncertain Demand],40600.0,224.0,2.0,5.716981132075472,6.0,No,In Stock,1.3571428571428572
3462AA,820.0,Kg,30,46,4.1,3462AA,19686.0,80712.59999999999,0.015708756483656026,99.55919719513203,C[Low Value],227.9433962264151,681.3648185554981,2.9891842880093864,222.0,Z[Uncertain Demand],3361.9999999999995,214.0,4936.0,31459.671159029647,32436.571428571428,Yes,Below Reorder Point,24.007317073170732
3616CA,331.0,Kg,120,167,433.1,3616CA,665.0,288011.5,0.05605447622790616,98.15871020004529,C[Low Value],6.113207547169812,18.48456776024311,3.023710158311373,223.0,Z[Uncertain Demand],143356.1,172.0,100.0,2280.9164420485176,2385.714285714286,Yes,Below Reorder Point,2.009063444108761
2173CA,340.0,Kg,60,92,444.94,2173CA,1155.0,513905.7,0.1000193216036008,95.12978052349153,C[Low Value],16.92452830188679,51.446330906251525,3.039749763691562,224.0,Z[Uncertain Demand],151279.6,131.0,358.0,4560.075471698113,4705.142857142857,Yes,Below Reorder Point,3.3970588235294117
2632AA,2670.0,Kg,30,41,185.82,2632AA,4098.0,761490.36,0.1482056906838779,91.9135904951188,C[Low Value],65.0,197.7803754751136,3.04277500730944,225.0,Z[Uncertain Demand],496139.39999999997,104.0,1225.0,6896.428571428572,7175.0,Yes,Below Reorder Point,1.5348314606741573
2054AA,131.0,Kg,120,191,751.83,2054AA,381.0,286447.23000000004,0.05575002888629298,98.21446022893159,C[Low Value],6.69811320754717,20.84151266625594,3.1115497783424364,226.0,Z[Uncertain Demand],98489.73000000001,173.0,131.0,3459.603773584906,3574.4285714285716,Yes,Below Reorder Point,2.908396946564886
2680BA,4097.0,Kg,45,68,215.57,2680BA,4245.0,915094.65,0.17810105257848768,90.0137460821825,C[Low Value],0.9811320754716981,3.053941753246222,3.112671402347111,227.0,Z[Uncertain Demand],883190.2899999999,92.0,20.0,187.97843665768193,194.28571428571428,No,In Stock,1.0361239931657311
3003AA,4.0,Kg,30,44,13182.0,3003AA,21.0,276822.0,0.05387671054232709,98.37689198087796,C[Low Value],0.3018867924528302,0.9524241471993242,3.1549049875977615,228.0,Z[Uncertain Demand],52728.0,176.0,6.0,36.42048517520216,37.714285714285715,Yes,Below Reorder Point,5.25
2265BA,61.0,Kg,120,184,1691.46333,2265BA,243.0,411025.58919,0.0799961950071854,96.26722845799843,C[Low Value],3.1320754716981134,9.976969124802954,3.185417853099738,229.0,Z[Uncertain Demand],103179.26313,144.0,55.0,1392.0215633423181,1445.7142857142858,Yes,Below Reorder Point,3.9836065573770494
3193AA,687.0,Kg,15,22,1425.0,3193AA,1103.0,1571775.0,0.3059080084410421,85.4918924045825,B[Medium Value],14.433962264150944,47.44004695563016,3.2866960635926774,230.0,Z[Uncertain Demand],978975.0,72.0,346.0,1056.498652291105,1087.4285714285713,Yes,Below Reorder Point,1.6055312954876273
2326CA,6083.67,Kg,30,46,63.5592,2326CA,22173.66,1409340.0906719998,0.2742939799612471,86.31973571812516,B[Medium Value],304.0564150943396,1024.0242747631567,3.3678759069938797,231.0,Z[Uncertain Demand],386673.198264,75.0,7447.33,47636.49822102426,48939.59714285714,Yes,Below Reorder Point,3.6447834941737467
2429BA,342553.0,Kg,90,122,5.28688,2429BA,70576.0,373126.84288,0.07262012018343239,96.87064852377438,C[Low Value],672.2830188679245,2304.189915861959,3.4274105565570383,232.0,Z[Uncertain Demand],1811036.60464,152.0,12600.0,210956.3611859838,219600.0,No,In Stock,0.20602943194191847
2315BA,734.0,Kg,120,182,14.9222,2315BA,19639.0,293057.0858,0.05703647753438857,98.10265572381739,C[Low Value],243.56603773584905,839.6836116481834,3.447457697525271,233.0,Z[Uncertain Demand],10952.8948,171.0,5798.5,146585.58221024257,150761.0,Yes,Below Reorder Point,26.756130790190735
1441AA,38.0,Kg,45,70,190.0,1441AA,152.0,28880.0,0.00562079386920984,99.76977545778931,C[Low Value],2.4339622641509435,8.40446180485805,3.4529959353292763,234.0,Z[Uncertain Demand],7220.0,235.0,56.0,544.3530997304582,560.0,Yes,Below Reorder Point,4.0
1716AA,22.0,Kg,15,21,140.0,1716AA,38.0,5320.0,0.0010354093969597074,99.99973270088982,C[Low Value],0.49056603773584906,1.7166900341761668,3.49940660812834,235.0,Z[Uncertain Demand],3080.0,287.0,11.0,31.948787061994608,33.0,Yes,Below Reorder Point,1.7272727272727273
2170BA,372.0,Kg,120,171,305.19,2170BA,1176.0,358903.44,0.06985187864232416,97.22681244723672,C[Low Value],20.150943396226417,70.6748775478287,3.5072738858004877,236.0,Z[Uncertain Demand],113530.68,157.0,437.0,10329.840970350404,10675.285714285714,Yes,Below Reorder Point,3.1612903225806455
2115CA,68.0,Kg,60,88,1912.27,2115CA,240.0,458944.8,0.0893225110161266,95.6964885457375,C[Low Value],3.2264150943396226,11.347045548094755,3.516920549994281,237.0,Z[Uncertain Demand],130034.36,137.0,59.0,714.0592991913746,741.7142857142857,Yes,Below Reorder Point,3.5294117647058822
2142CA,343.0,Kg,60,91,2956.0,2142CA,367.0,1084852.0,0.21114021712603992,88.89066610910615,B[Medium Value],2.4716981132075473,8.975616056818575,3.631356114590721,238.0,Z[Uncertain Demand],1013908.0,86.0,48.0,602.8140161725067,624.0,Yes,Below Reorder Point,1.0699708454810495
1708AA,15.0,Kg,15,23,120.0,1708AA,45.0,5400.0,0.0010509794630794021,99.99869729149286,C[Low Value],0.39622641509433965,1.4456782097728045,3.648616434188506,239.0,Z[Uncertain Demand],1800.0,286.0,9.0,28.722371967654986,29.57142857142857,Yes,Below Reorder Point,3.0
3365CA,310.0,Kg,30,45,13.3248,3365CA,15856.0,211278.0288,0.041120160975684904,98.69983751524158,C[Low Value],165.62264150943398,604.6723914781996,3.65090416363005,240.0,Z[Uncertain Demand],4130.688,183.0,2928.0,18113.045822102424,18822.85714285714,Yes,Below Reorder Point,51.148387096774194
2662CA,173.0,Kg,60,82,2015.43638,2662CA,632.0,1273755.79216,0.24790577380344359,87.08657682664814,B[Medium Value],10.11320754716981,37.24485528610654,3.6827935264247142,241.0,Z[Uncertain Demand],348670.49374,78.0,240.0,2724.743935309973,2811.4285714285716,Yes,Below Reorder Point,3.653179190751445
2255CA,49.0,Kg,60,88,1712.565,2255CA,227.0,388752.255,0.0756612289316309,96.57664766387585,C[Low Value],2.792452830188679,10.335447760323985,3.7012076438998056,242.0,Z[Uncertain Demand],83915.685,148.0,73.0,893.7789757412398,917.7142857142857,Yes,Below Reorder Point,4.63265306122449
2044CA,1711.0,Kg,120,166,740.82,2044CA,2685.0,1989101.7000000002,0.38713056234746784,82.0597719171016,B[Medium Value],43.528301886792455,161.15468008831968,3.702296508314236,243.0,Z[Uncertain Demand],1267543.02,62.0,1026.0,23584.6576819407,24330.85714285714,Yes,Below Reorder Point,1.5692577440093514
1650AA,221.0,Kg,60,93,284.87,1650AA,540.0,153829.8,0.029939251964742928,99.1784943636974,C[Low Value],8.69811320754717,32.376739576466356,3.7222715782054596,244.0,Z[Uncertain Demand],62956.270000000004,197.0,182.0,2343.44474393531,2418.0,Yes,Below Reorder Point,2.443438914027149
1953AA,38.0,Kg,30,40,947.56,1953AA,152.0,144029.12,0.028031786519518296,99.23614230384709,C[Low Value],2.2452830188679247,8.421368563128695,3.7506935617295865,245.0,Z[Uncertain Demand],36007.28,199.0,62.0,344.66307277628033,354.2857142857143,Yes,Below Reorder Point,4.0
2621AA,1627.0,Kg,60,80,61.78333,2621AA,4490.0,277407.1517,0.05399059617556523,98.32301527033563,C[Low Value],63.490566037735846,238.95860782872558,3.7636868395014726,246.0,Z[Uncertain Demand],100521.47791,175.0,1676.0,18610.080862533694,19154.285714285717,Yes,Below Reorder Point,2.7596803933620158
2484BA,1396.0,Kg,60,85,239.67286,2484BA,2804.6,672186.5031559999,0.13082485373631736,92.86774131731224,C[Low Value],42.096226415094335,159.80905789562186,3.796279892639487,247.0,Z[Uncertain Demand],334583.31256,111.0,1124.0,13287.746630727763,13648.57142857143,Yes,Below Reorder Point,2.0090257879656157
3125AA,144.0,Kg,30,43,119.136,3125AA,600.0,71481.59999999999,0.013912165479269737,99.61669927684856,C[Low Value],8.735849056603774,33.35482374490534,3.8181547699351683,248.0,Z[Uncertain Demand],17155.584,218.0,243.0,1455.2749326145554,1492.7142857142858,Yes,Below Reorder Point,4.166666666666666
1921AA,4.0,Kg,90,142,50000.0,1921AA,153.0,7650000.0,1.4888875726958197,54.60152482338418,A[High Value],1.8867924528301887,7.29768239648328,3.8677716701361384,249.0,Z[Uncertain Demand],200000.0,22.0,52.0,1030.5983827493262,1054.857142857143,Yes,Below Reorder Point,38.25
2200CA,71.0,Kg,60,89,448.0,2200CA,1067.0,478016.0,0.09303425907840066,95.60716603472137,C[Low Value],16.358490566037737,63.35768253447511,3.8730763256368865,250.0,Z[Uncertain Demand],31808.0,136.0,453.0,5619.355795148248,5759.571428571428,Yes,Below Reorder Point,15.028169014084508
3160BA,390.0,Kg,30,46,270.909,3160BA,1467.0,397423.50299999997,0.07734887774038429,96.42398467294926,C[Low Value],22.67924528301887,89.16488045812518,3.931562948652774,251.0,Z[Uncertain Demand],105654.51,146.0,655.0,4207.088948787063,4304.285714285715,Yes,Below Reorder Point,3.7615384615384615
3075AA,233.0,Kg,30,47,60.38,3075AA,599.0,36167.62,0.0070391529348999725,99.73977249381701,C[Low Value],9.773584905660377,38.65908267716356,3.955465988203994,252.0,Z[Uncertain Demand],14068.54,230.0,284.0,1864.9703504043127,1906.857142857143,Yes,Below Reorder Point,2.570815450643777
2139BA,354.0,Kg,120,176,2032.85,2139BA,396.0,805008.6,0.15667546411153727,91.30838919360201,C[Low Value],1.0566037735849056,4.285104317640635,4.05554515776703,253.0,Z[Uncertain Demand],719628.9,100.0,30.0,736.1725067385445,754.2857142857143,Yes,Below Reorder Point,1.11864406779661
1436BA,81.0,Kg,30,41,125.0,1436BA,176.0,22000.0,0.004281768182916083,99.97086561342861,C[Low Value],1.2452830188679245,5.132496994556273,4.1215506168406435,254.0,Z[Uncertain Demand],10125.0,275.0,32.0,182.09164420485175,187.42857142857142,Yes,Below Reorder Point,2.1728395061728394
3143CA,646.0,Kg,30,41,47.764,3143CA,1824.0,87121.53600000001,0.01695610094961719,99.52731224999711,C[Low Value],28.9811320754717,120.01626341171075,4.14118617240929,255.0,Z[Uncertain Demand],30855.544,212.0,868.0,4959.795148247978,5084.0,Yes,Below Reorder Point,2.823529411764706
2925CA,131.0,Kg,30,43,48.0,2925CA,249.0,11952.0,0.00232616787828241,99.9906355888871,C[Low Value],3.358490566037736,13.957482608075031,4.155879652966161,256.0,Z[Uncertain Demand],6288.0,281.0,87.0,520.0350404312669,534.4285714285714,Yes,Below Reorder Point,1.900763358778626
2096BA,138.0,Kg,60,84,1524.57667,2096BA,435.0,663190.85145,0.12907406758816528,93.12631114798462,C[Low Value],6.150943396226415,25.569209417710482,4.156957359321029,257.0,Z[Uncertain Demand],210391.58046,113.0,187.0,2191.277628032345,2244.0,Yes,Below Reorder Point,3.152173913043478
2025AA,2727.0,Kg,60,80,442.805,2025AA,4982.0,2206054.5100000002,0.4293551823043878,80.86098150006339,B[Medium Value],82.28301886792453,345.7364701929497,4.201796129380035,258.0,Z[Uncertain Demand],1207529.235,59.0,2525.0,28151.859838274933,28857.14285714286,Yes,Below Reorder Point,1.826916024935827
2021CA,7873.0,Kg,60,86,295.27467,2021CA,8133.0,2401468.89111,0.4673878677371621,78.6369256897566,B[Medium Value],147.26415094339623,631.0812196583855,4.285368948352906,259.0,Z[Uncertain Demand],2324697.47691,54.0,4077.0,48826.59299191375,50088.857142857145,Yes,Below Reorder Point,1.0330242601295567
2471CA,96647.0,Kg,45,65,4.77698,2471CA,104400.0,498716.712,0.09706315226046017,95.32547779098553,C[Low Value],77.73584905660377,345.5979851561302,4.445799323610413,260.0,Z[Uncertain Demand],461680.78606,133.0,2371.0,21516.69811320755,22016.428571428572,No,In Stock,1.0802197688495245
2515BA,8140.0,Kg,30,43,90.0,2515BA,26975.0,2427750.0,0.47250285027611455,78.16953782201944,B[Medium Value],389.22641509433964,1781.5214073014781,4.577082485189701,261.0,Z[Uncertain Demand],732600.0,53.0,12799.0,76954.3153638814,78622.42857142857,Yes,Below Reorder Point,3.313882063882064
2640BA,2588.0,Kg,60,84,444.45667,2640BA,4114.0,1828494.7403799999,0.3558723000903858,83.17917772889751,B[Medium Value],35.22641509433962,162.449594727983,4.611584638769737,262.0,Z[Uncertain Demand],1150253.86196,65.0,1157.0,13582.059299191375,13884.0,Yes,Below Reorder Point,1.589644513137558
2483BA,107097.0,Kg,30,45,1.875,2483BA,149523.0,280355.625,0.05456444522847967,98.26902467416006,C[Low Value],2821.188679245283,13029.2948493542,4.618370598608727,263.0,Z[Uncertain Demand],200806.875,174.0,88200.0,554909.191374663,567000.0,Yes,Below Reorder Point,1.3961455502955264
3322AA,6802.0,Kg,60,90,28.5,3322AA,13029.6,371343.60000000003,0.07227305506406895,96.94292157883845,C[Low Value],242.1056603773585,1146.3774513348044,4.735029530280294,264.0,Z[Uncertain Demand],193857.0,153.0,6900.0,86639.09433962264,88714.28571428571,Yes,Below Reorder Point,1.9155542487503676
3132BA,34.0,Kg,15,24,190.0,3132BA,100.0,19000.0,0.0036978907034275264,99.97864410706069,C[Low Value],1.6415094339622642,7.930210831474788,4.831047977794986,265.0,Z[Uncertain Demand],6460.0,277.0,58.0,195.33962264150944,198.85714285714286,Yes,Below Reorder Point,2.9411764705882355
3579CA,116.0,Kg,120,187,86.65,3579CA,200.0,17330.0,0.0033728655731788963,99.98557290403795,C[Low Value],3.3962264150943398,16.612483284290377,4.8914534114855,266.0,Z[Uncertain Demand],10051.400000000001,279.0,116.0,3040.6361185983824,3098.8571428571427,Yes,Below Reorder Point,1.7241379310344824
2189CA,641.0,Kg,60,95,299.805,2189CA,1263.0,378653.715,0.07369579223772611,96.72487963361039,C[Low Value],20.754716981132077,103.00614351737572,4.963023278564466,267.0,Z[Uncertain Demand],192175.005,150.0,753.0,10041.388140161725,10219.285714285714,Yes,Below Reorder Point,1.970358814352574
2555CA,275.0,Kg,30,44,682.5,2555CA,462.0,315315.0,0.06136844248164476,97.80392819881155,C[Low Value],6.2075471698113205,31.331575674589686,5.047335898946059,268.0,Z[Uncertain Demand],187687.5,166.0,225.0,1387.6819407008086,1414.2857142857142,Yes,Below Reorder Point,1.68
2359CA,7800.0,Kg,90,121,73.0,2359CA,22216.0,1621768.0,0.3156379373850659,85.18598439614146,B[Medium Value],11.18867924528302,56.694883978855685,5.067165009914589,269.0,Z[Uncertain Demand],569400.0,71.0,315.0,5301.145552560647,5445.0,No,In Stock,2.8482051282051284
2487BA,397.0,Kg,30,44,14.4,2487BA,684.0,9849.6,0.0019169865406568297,99.9945658336335,C[Low Value],12.150943396226415,61.679817240829436,5.076134027583789,270.0,Z[Uncertain Demand],5716.8,283.0,438.0,2701.067385444744,2753.1428571428573,Yes,Below Reorder Point,1.7229219143576826
2041CA,1256.0,Kg,60,82,648.42,2041CA,1804.2,1169879.364,0.22768873811933196,88.24889842113862,B[Medium Value],31.947169811320755,162.4064755763873,5.083595089504209,271.0,Z[Uncertain Demand],814415.5199999999,83.0,1188.0,13642.738544474394,13916.57142857143,Yes,Below Reorder Point,1.4364649681528665
2524AA,3996.0,Kg,30,41,14.0,2524AA,4040.0,56560.0,0.011008036746624258,99.6761104450975,C[Low Value],1.509433962264151,7.695209902443893,5.098076560369079,272.0,Z[Uncertain Demand],55944.0,223.0,40.0,227.81671159029648,234.28571428571428,No,In Stock,1.011011011011011
1586CA,972.0,Kg,30,40,286.571,1586CA,3033.0,869169.8430000001,0.1691628990594349,90.35679660382544,C[Low Value],45.716981132075475,237.13176938624156,5.186951620912423,273.0,Z[Uncertain Demand],278547.01200000005,94.0,1718.0,9621.21293800539,9817.142857142857,Yes,Below Reorder Point,3.1203703703703702
2672BA,96.0,Kg,120,171,11375.0,2672BA,188.0,2138500.0,0.41620732996209286,81.27718883002548,B[Medium Value],0.4716981132075472,2.5007981309428273,5.3016920375987935,274.0,Z[Uncertain Demand],1092000.0,60.0,16.0,382.7708894878706,390.85714285714283,Yes,Below Reorder Point,1.9583333333333333
2223AA,150.0,Kg,60,93,918.7,2223AA,242.0,222325.40000000002,0.04327026472609507,98.6587173542659,C[Low Value],3.7358490566037736,20.60167183600195,5.514588925798503,275.0,Z[Uncertain Demand],137805.0,182.0,150.0,1960.8355795148248,1992.857142857143,Yes,Below Reorder Point,1.6133333333333335
2066AA,327.0,Kg,120,187,1550.95,2066AA,429.0,665357.55,0.12949576308422714,92.99723708039646,C[Low Value],7.490566037735849,41.94805516785907,5.600118196212923,276.0,Z[Uncertain Demand],507160.65,112.0,306.0,8046.161725067385,8174.571428571428,Yes,Below Reorder Point,1.3119266055045873
2488CA,22.0,Kg,30,42,0.95,2488CA,900.0,855.0,0.00016640508165423869,99.99989910597148,C[Low Value],11.037735849056604,62.98533475956952,5.706363661978093,277.0,Z[Uncertain Demand],20.9,288.0,458.0,2700.6954177897574,2748.0,Yes,Below Reorder Point,40.909090909090914
1872CA,6.0,Kg,60,89,16000.0,1872CA,5.0,80000.0,0.015570066119694848,99.57476726125172,C[Low Value],0.07547169811320754,0.43185897821883334,5.722131461399542,278.0,Z[Uncertain Demand],96000.0,215.0,3.0,37.495956873315365,38.142857142857146,Yes,Below Reorder Point,0.8333333333333334
2670CA,292.0,Kg,60,82,4550.0,2670CA,392.0,1783600.0,0.34713462413859664,83.5263123530361,B[Medium Value],7.150943396226415,43.0247675658206,6.016656150365415,279.0,Z[Uncertain Demand],1328600.0,66.0,312.0,3593.5633423180593,3654.8571428571427,Yes,Below Reorder Point,1.3424657534246576
1668CA,400.0,Kg,30,46,0.85,1668CA,500.0,425.0,8.271597626087888e-05,99.99998182194774,C[Low Value],9.433962264150944,58.025693723345285,6.1507235346746,280.0,Z[Uncertain Demand],340.0,289.0,420.0,2719.5687331536387,2760.0,Yes,Below Reorder Point,1.25
2661CA,711.0,Kg,120,157,182.0,2661CA,943.0,171626.0,0.03340285209823435,98.9549463671516,C[Low Value],14.81132075471698,94.37039476359865,6.371504359835323,281.0,Z[Uncertain Demand],129402.0,190.0,685.0,15109.66307277628,15363.57142857143,Yes,Below Reorder Point,1.3263009845288327
1956AA,3.46,Kg,60,90,573.09,1956AA,738.0,422940.42000000004,0.08231512880114387,95.94507587638296,C[Low Value],13.20754716981132,84.88099327215677,6.4267037763204415,282.0,Z[Uncertain Demand],1982.8914000000002,140.0,619.0,7845.363881401617,7958.571428571428,Yes,Below Reorder Point,213.29479768786126
2342CA,51818.0,Kg,60,86,2.77685,2342CA,67753.0,188139.91805,0.03661688704740588,98.81821404224813,C[Low Value],1166.3584905660377,7566.426615939499,6.487222133794805,283.0,Z[Uncertain Demand],143890.8133,186.0,55186.0,668002.0700808625,677999.4285714285,Yes,Below Reorder Point,1.307518622872361
2604CA,843.0,Kg,30,42,129.04,2604CA,1059.0,136653.36,0.026596273133480786,99.3173981270923,C[Low Value],18.88679245283019,123.64770991959351,6.5467818438945615,284.0,Z[Uncertain Demand],108780.71999999999,202.0,901.0,5325.056603773585,5406.0,Yes,Below Reorder Point,1.2562277580071175
2039CA,1252.0,Kg,120,164,449.75,2039CA,1414.0,635946.5,0.12377161316985649,93.25008276115447,C[Low Value],22.30188679245283,148.67732030573674,6.666580352118483,285.0,Z[Uncertain Demand],563087.0,114.0,1084.0,25014.253369272235,25396.571428571428,Yes,Below Reorder Point,1.1293929712460065
2600BA,417.0,Kg,60,80,1467.79,2600BA,536.0,786735.44,0.15311903524384024,91.61674859607062,C[Low Value],9.283018867924529,62.04321612903584,6.683517184631909,286.0,Z[Uncertain Demand],612068.4299999999,102.0,452.0,5086.145552560646,5165.714285714285,Yes,Below Reorder Point,1.2853717026378897
2078CA,338.0,Kg,60,93,1129.24,2078CA,377.0,425723.48,0.08285678415383234,95.86276074758182,C[Low Value],7.037735849056604,47.211863838263454,6.708388159324297,287.0,Z[Uncertain Demand],381683.12,139.0,344.0,4509.962264150944,4570.285714285715,Yes,Below Reorder Point,1.1153846153846154
3461CA,177.0,Kg,15,23,30.064,3461CA,36825.16,1107111.61024,0.2154725121664829,88.4643709333051,B[Medium Value],685.7011320754717,4803.9771233593765,7.005934362130565,288.0,Z[Uncertain Demand],5321.328,84.0,34996.16,113518.0232884097,114987.38285714286,Yes,Below Reorder Point,208.05175141242938
1484BA,439.0,Kg,15,23,0.2,1484BA,467.0,93.4,1.8178052194743734e-05,99.99999999999994,C[Low Value],8.679245283018869,61.36829975487398,7.070695406539827,289.0,Z[Uncertain Demand],87.80000000000001,296.5,447.0,1450.1159029649596,1468.7142857142858,Yes,Below Reorder Point,1.0637813211845102
1488BA,45.0,Kg,30,47,70.0,1488BA,1642.0,114940.0,0.02237029249747157,99.41159292261348,C[Low Value],30.9811320754717,225.5460460037474,7.280109889280519,290.0,Z[Uncertain Demand],3150.0,206.0,1642.0,10892.080862533692,11024.857142857143,Yes,Below Reorder Point,36.48888888888889
3300CA,0.0,Kg,30,42,30.0,3300CA,0.0,0.0,0.0,99.99999999999994,C[Low Value],0.0,0.0,1000.0,297.0,Z[Uncertain Demand],0.0,296.5,0.0,0.0,0.0,No,Out of Stock,0.0
3299CA,0.0,Kg,60,82,30.0,3299CA,0.0,0.0,0.0,99.99999999999994,C[Low Value],0.0,0.0,1000.0,297.0,Z[Uncertain Demand],0.0,296.5,0.0,0.0,0.0,No,Out of Stock,0.0
3296AA,0.0,Kg,30,44,30.0,3296AA,0.0,0.0,0.0,99.99999999999994,C[Low Value],0.0,0.0,1000.0,297.0,Z[Uncertain Demand],0.0,296.5,0.0,0.0,0.0,No,Out of Stock,0.0
3291CA,0.0,Kg,60,86,30.0,3291CA,0.0,0.0,0.0,99.99999999999994,C[Low Value],0.0,0.0,1000.0,297.0,Z[Uncertain Demand],0.0,296.5,0.0,0.0,0.0,No,Out of Stock,0.0
3276AA,0.0,Kg,30,43,30.0,3276AA,0.0,0.0,0.0,99.99999999999994,C[Low Value],0.0,0.0,1000.0,297.0,Z[Uncertain Demand],0.0,296.5,0.0,0.0,0.0,No,Out of Stock,0.0
1491CA,0.0,Kg,30,43,30.0,1491CA,0.0,0.0,0.0,99.99999999999994,C[Low Value],0.0,0.0,1000.0,297.0,Z[Uncertain Demand],0.0,296.5,0.0,0.0,0.0,No,Out of Stock,0.0
2987AA,15.0,Kg,30,43,30.0,2987AA,0.0,0.0,0.0,99.99999999999994,C[Low Value],0.0,0.0,1000.0,297.0,Z[Uncertain Demand],450.0,296.5,0.0,0.0,0.0,No,In Stock,0.0
2982AA,200.0,Kg,30,48,30.0,2982AA,0.0,0.0,0.0,99.99999999999994,C[Low Value],0.0,0.0,1000.0,297.0,Z[Uncertain Demand],6000.0,296.5,0.0,0.0,0.0,No,In Stock,0.0
2895CA,470.0,Kg,30,42,30.0,2895CA,0.0,0.0,0.0,99.99999999999994,C[Low Value],0.0,0.0,1000.0,297.0,Z[Uncertain Demand],14100.0,296.5,0.0,0.0,0.0,No,In Stock,0.0
2884AA,690.0,Kg,15,23,30.0,2884AA,0.0,0.0,0.0,99.99999999999994,C[Low Value],0.0,0.0,1000.0,297.0,Z[Uncertain Demand],20700.0,296.5,0.0,0.0,0.0,No,In Stock,0.0
3312AA,0.0,Kg,60,84,30.0,3312AA,0.0,0.0,0.0,99.99999999999994,C[Low Value],0.0,0.0,1000.0,297.0,Z[Uncertain Demand],0.0,296.5,0.0,0.0,0.0,No,Out of Stock,0.0
3274CA,0.0,Kg,60,92,30.0,3274CA,0.0,0.0,0.0,99.99999999999994,C[Low Value],0.0,0.0,1000.0,297.0,Z[Uncertain Demand],0.0,296.5,0.0,0.0,0.0,No,Out of Stock,0.0
3332CA,0.0,Kg,30,46,30.0,3332CA,0.0,0.0,0.0,99.99999999999994,C[Low Value],0.0,0.0,1000.0,297.0,Z[Uncertain Demand],0.0,296.5,0.0,0.0,0.0,No,Out of Stock,0.0
